address,size,name,unit
0x00406160,198,build_startup_graphics_window_config,SHELL/OPTIONS.CPP
0x00406230,199,initialize_startup_switch_defaults,SHELL/OPTIONS.CPP
0x00406300,1,noop_help_switch_callback,SHELL/OPTIONS.CPP
0x00406310,328,run_main_game_session,GAME.CPP
0x00406460,802,apply_startup_command_line_switches,SHELL/OPTIONS.CPP
0x00406790,275,compare_switch_name_case_insensitive,SHELL/OPTIONS.CPP
0x00406A90,58,clear_level_progress_password_state,GAME.CPP
0x00406AD0,86,encode_level_progress_password_value,GAME.CPP
0x00406B30,108,apply_level_progress_password_value,GAME.CPP
0x00406BA0,24,compute_level_password_checksum,GAME.CPP
0x00406BC0,21,compute_power_of_two,GAME.CPP
0x00406BE0,26,extract_level_password_bit_field,LEVEL/STATE/LVPASS.CPP
0x00406C00,150,format_level_progress_password,GAME.CPP
0x00406CA0,215,validate_and_apply_level_password,GAME.CPP
0x00406D80,68,parse_level_password_digits,GAME.CPP
0x00406DD0,21,snapshot_level_progress_password_state,GAME.CPP
0x00406DF0,939,initialize_main_game_context,GAME.CPP
0x004071D0,303,shutdown_main_game_context,GAME.CPP
0x00407300,164,is_valid_resource_file,GAME.CPP
0x004073B0,57,ensure_main_game_variant_resource_mode,GAME.CPP
0x004073F0,37,release_main_game_variant_resource_mode,GAME.CPP
0x00407420,886,switch_main_game_mode,GAME.CPP
0x004077E0,268,update_main_game_active_mode,GAME.CPP
0x004078F0,93,present_main_game_frame,GAME.CPP
0x00407950,140,run_main_game_loop,GAME.CPP
0x004079E0,50,emit_main_game_status_stream_separators,GAME.CPP
0x00407E10,30,delete_stream_format_state,LEVEL/VTABLE/LEVELVT.CPP
0x00407E40,47,delete_formatted_output_stream,LEVEL/VTABLE/LEVELVT.CPP
0x00407E80,69,delete_fixed_buffer_formatted_output_stream,LEVEL/VTABLE/LEVELVT.CPP
0x00407EE0,13,forward_update_named_status_entry_00407ee0,FRONTEND/MAINMENU.CPP
0x00407EF0,31,delete_simple_vtable_object_00407ef0,LEVEL/VTABLE/LEVELVT.CPP
0x00407F20,1,noop_vtable_callback_00407f20,LEVEL/VTABLE/LEVELVT.CPP
0x00407F30,5,return_false_vtable_callback_00407f30,LEVEL/VTABLE/LEVELVT.CPP
0x00407F40,30,delete_derived_base_mode_wrapper_00407f40,GAME.CPP
0x00407F70,30,delete_derived_base_mode_wrapper_00407f70,GAME.CPP
0x00407FA0,30,delete_derived_base_mode_wrapper_00407fa0,GAME.CPP
0x00407FD0,30,delete_derived_base_mode_wrapper_00407fd0,GAME.CPP
0x00408000,1,noop_vtable_callback_00408000,LEVEL/VTABLE/LEVELVT.CPP
0x00408010,31,delete_simple_vtable_object_00408010,LEVEL/VTABLE/LEVELVT.CPP
0x00408040,8,delete_adjusted_base_mode_wrapper_00408040,GAME.CPP
0x00408050,8,delete_adjusted_base_mode_wrapper_00408050,GAME.CPP
0x00408060,8,delete_adjusted_base_mode_wrapper_00408060,GAME.CPP
0x00408070,8,delete_startup_mode_event_client_adjustor_thunk,GAME.CPP
0x00408080,10,set_level_frame_clock_pause_flag,GAME.CPP
0x00408090,52,reset_level_frame_clock,LEVEL/RUN/LEVELRUN.CPP
0x004080D0,180,advance_level_frame_clock,LEVEL/RUN/LEVELRUN.CPP
0x00408190,43,update_level_frame_clock_from_network_time,LEVEL/RUN/LEVELRUN.CPP
0x00408210,37,construct_level_chunk_loader_context,LEVEL/RUN/LEVELRUN.CPP
0x00408240,1387,load_level_chunks_for_skill_and_level,ENGINE/CORE/LINKSCF.CPP
0x004087B0,122,load_override_level_file_buffer,LEVEL/RUN/LEVELRUN.CPP
0x00408830,32,get_next_level_chunk,LEVEL/RUN/LEVELRUN.CPP
0x00408850,676,read_level_metadata_for_skill_and_level,LEVEL/RUN/LEVELRUN.CPP
0x00408B00,66,get_level_bin_resource_id_for_skill_and_level,LEVEL/RUN/LEVELRUN.CPP
0x00408DC0,103,advance_current_level_progress,GAME.CPP
0x00408E40,25,retreat_current_level_progress,GAME.CPP
0x00408E60,76,select_next_level_pack_progress,GAME.CPP
0x00408EC0,86,advance_four_state_cycle_and_clear_flag,GAME.CPP
0x00408F30,84,get_level_pack_level_count,GAME.CPP
0x00408FA0,34,is_current_level_progress_locked,GAME.CPP
0x00408FD0,7,can_retreat_current_level_progress,GAME.CPP
0x00408FE0,111,set_unlocked_level_progress_cap,GAME.CPP
0x00409070,16,set_selected_level_number,LEVEL/STATE/LVPROG.CPP
0x00409080,8,get_selected_level_number,LEVEL/RUN/LEVELRUN.CPP
0x00409150,43,create_frame_timer_controller,LEVEL/RUN/DEMO.CPP
0x00409180,33,destroy_frame_timer_controller,LEVEL/RUN/DEMO.CPP
0x004091B0,98,construct_level_demo_playback_controller,LEVEL/RUN/DEMO.CPP
0x00409220,36,destroy_level_demo_playback_controller,LEVEL/RUN/DEMO.CPP
0x00409250,503,dispatch_level_demo_events_for_frame,LEVEL/RUN/DEMO.CPP
0x00409460,245,load_next_level_demo_record_buffer,LEVEL/RUN/DEMO.CPP
0x00409560,122,read_level_demo_length_prefixed_record,LEVEL/RUN/DEMO.CPP
0x004095E0,19,reset_level_demo_playback_cursor,LEVEL/RUN/DEMO.CPP
0x00409600,27,set_level_demo_playback_enabled,LEVEL/RUN/DEMO.CPP
0x00409620,63,service_level_demo_playback,LEVEL/RUN/DEMO.CPP
0x00409660,64,release_level_demo_record_buffer,LEVEL/RUN/DEMO.CPP
0x004096A0,12,stop_level_demo_playback,LEVEL/RUN/DEMO.CPP
0x004096B0,75,filter_level_demo_playback_input_event,LEVEL/RUN/DEMO.CPP
0x004098B0,30,delete_level_demo_playback_controller,LEVEL/RUN/DEMO.CPP
0x004098E0,31,restore_level_demo_playback_base_vtable,LEVEL/RUN/DEMO.CPP
0x00409910,23,compare_level_tile_grid_static_render_entry_sort_keys,LEVEL/RUN/LEVELRUN.CPP
0x00409930,589,build_special_level_tile_grid_static_render_entries,LEVEL/RUN/LEVELRUN.CPP
0x00409CA0,24,construct_invs_chunk_object,ENGINE/CORE/LINKSCF.CPP
0x00409CC0,17,reset_invs_chunk_object_with_base_state,ENGINE/CORE/LINKSCF.CPP
0x00409CE0,47,reset_invs_chunk_object_state,ENGINE/CORE/LINKSCF.CPP
0x00409D10,11,destroy_invs_chunk_object,ENGINE/CORE/LINKSCF.CPP
0x00409D20,71,set_invs_chunk_object_point_bounds,ENGINE/CORE/LINKSCF.CPP
0x00409D70,335,set_invs_chunk_object_bounds,ENGINE/CORE/LINKSCF.CPP
0x00409EC0,172,remove_invs_tracked_entities_outside_bounds,ENGINE/CORE/LINKSCF.CPP
0x00409F70,45,add_invs_tracked_entity,ENGINE/CORE/LINKSCF.CPP
0x00409FA0,128,try_trigger_invs_chunk_contact,ENGINE/CORE/LINKSCF.CPP
0x0040A020,37,trigger_invs_chunk_sound_once,ENGINE/CORE/LINKSCF.CPP
0x0040A050,181,service_invs_chunk_object,ENGINE/CORE/LINKSCF.CPP
0x0040A110,253,load_invs_chunk_object,ENGINE/CORE/LINKSCF.CPP
0x0040A210,91,construct_invs_chunk_manager,ENGINE/CORE/LINKSCF.CPP
0x0040A270,48,reset_all_invs_chunk_objects,ENGINE/CORE/LINKSCF.CPP
0x0040A2A0,167,allocate_invs_chunk_object_array,ENGINE/CORE/LINKSCF.CPP
0x0040A350,31,destroy_level_chunk_stream,ENGINE/CORE/LINKSCF.CPP
0x0040A370,54,dispatch_invs_chunk_contacts_for_entity,ENGINE/CORE/LINKSCF.CPP
0x0040A3B0,40,advance_invs_chunk_objects,ENGINE/CORE/LSINVACT.CPP
0x0040A3E0,86,append_invs_chunk_object_with_bounds,ENGINE/CORE/LINKSCF.CPP
0x0040A440,76,append_invs_chunk_object_at_point,ENGINE/CORE/LINKSCF.CPP
0x0040A490,70,load_invs_chunk_objects,ENGINE/CORE/LINKSCF.CPP
0x0040A6F0,205,emit_level_chunk_object_render_entry,LEVEL/VTABLE/LEVELVT.CPP
0x0040A7F0,3,noop_vtable_callback_0040a7f0,LEVEL/VTABLE/LEVELVT.CPP
0x0040A800,8,return_true_vtable_callback_0040a800,LEVEL/VTABLE/LEVELVT.CPP
0x0040A810,7,get_object_field_0xf0,LEVEL/VTABLE/LEVELVT.CPP
0x0040A820,3,return_false_vtable_callback_0040a820,LEVEL/VTABLE/LEVELVT.CPP
0x0040A830,33,copy_object_fields_0x9c_triplet,LEVEL/VTABLE/LEVELVT.CPP
0x0040A860,1,noop_vtable_callback_0040a860,LEVEL/VTABLE/LEVELVT.CPP
0x0040A870,13,set_object_field_0x98,LEVEL/VTABLE/LEVELVT.CPP
0x0040A880,7,get_object_field_0x98,LEVEL/VTABLE/LEVELVT.CPP
0x0040A890,55,is_point_inside_3d_bounds,LEVEL/VTABLE/LEVELVT.CPP
0x0040A8E0,64,do_3d_bounds_intersect,LEVEL/VTABLE/LEVELVT.CPP
0x0040A930,3,noop_vtable_callback_0040a930,LEVEL/VTABLE/LEVELVT.CPP
0x0040A940,1,noop_vtable_callback_0040a940,LEVEL/VTABLE/LEVELVT.CPP
0x0040A950,3,return_false_vtable_callback_0040a950,LEVEL/VTABLE/LEVELVT.CPP
0x0040A960,1,noop_vtable_callback_0040a960,LEVEL/VTABLE/LEVELVT.CPP
0x0040A970,1,noop_vtable_callback_0040a970,LEVEL/VTABLE/LEVELVT.CPP
0x0040A980,1,noop_vtable_callback_0040a980,LEVEL/VTABLE/LEVELVT.CPP
0x0040A990,1,noop_vtable_callback_0040a990,LEVEL/VTABLE/LEVELVT.CPP
0x0040A9A0,3,return_false_vtable_callback_0040a9a0,LEVEL/VTABLE/LVVTDEF.CPP
0x0040A9B0,1,noop_vtable_callback_0040a9b0,LEVEL/VTABLE/LVVTDEF.CPP
0x0040A9C0,3,return_false_vtable_callback_0040a9c0,LEVEL/VTABLE/LEVELVT.CPP
0x0040A9D0,3,return_false_vtable_callback_0040a9d0,LEVEL/VTABLE/LEVELVT.CPP
0x0040A9E0,3,noop_vtable_callback_0040a9e0,LEVEL/VTABLE/LVVTDEF.CPP
0x0040A9F0,1,noop_vtable_callback_0040a9f0,LEVEL/VTABLE/LEVELVT.CPP
0x0040AA00,1,noop_vtable_callback_0040aa00,LEVEL/VTABLE/LEVELVT.CPP
0x0040AA10,1,noop_vtable_callback_0040aa10,LEVEL/VTABLE/LEVELVT.CPP
0x0040AA20,1,noop_vtable_callback_0040aa20,LEVEL/VTABLE/LVVTDEF.CPP
0x0040AA30,3,return_false_vtable_callback_0040aa30,LEVEL/VTABLE/LEVELVT.CPP
0x0040AA40,1,noop_vtable_callback_0040aa40,LEVEL/VTABLE/LEVELVT.CPP
0x0040AA50,6,return_true_vtable_callback_0040aa50,LEVEL/VTABLE/LEVELVT.CPP
0x0040AA60,5,return_false_vtable_callback_0040aa60,LEVEL/VTABLE/LEVELVT.CPP
0x0040AA70,5,return_false_vtable_callback_0040aa70,LEVEL/VTABLE/LEVELVT.CPP
0x0040AA80,3,noop_vtable_callback_0040aa80,LEVEL/VTABLE/LEVELVT.CPP
0x0040AA90,5,return_false_vtable_callback_0040aa90,LEVEL/VTABLE/LEVELVT.CPP
0x0040AAA0,1,noop_vtable_callback_0040aaa0,LEVEL/VTABLE/LEVELVT.CPP
0x0040AAB0,1,noop_vtable_callback_0040aab0,LEVEL/VTABLE/LEVELVT.CPP
0x0040AAC0,3,noop_vtable_callback_0040aac0,LEVEL/VTABLE/LVVTDEF.CPP
0x0040AAD0,1,noop_callback_0040aad0,LEVEL/VTABLE/LEVELVT.CPP
0x0040AAE0,8,set_object_field_0x30_true,LEVEL/VTABLE/LEVELVT.CPP
0x0040AAF0,8,set_object_field_0x30_false_0040aaf0,LEVEL/VTABLE/LVVTDEF.CPP
0x0040AB00,8,set_object_field_0x30_false,LEVEL/VTABLE/LEVELVT.CPP
0x0040AB10,4,get_plas_child_runtime_flag_0x30,LEVEL/VTABLE/LEVELVT.CPP
0x0040AB20,3,noop_callback_0040ab20,LEVEL/VTABLE/LEVELVT.CPP
0x0040AB30,3,return_false_vtable_callback_0040ab30,LEVEL/VTABLE/LEVELVT.CPP
0x0040AB40,3,return_false_vtable_callback_0040ab40,LEVEL/VTABLE/LEVELVT.CPP
0x0040AB50,17,is_managed_entity_state_0x18,LEVEL/VTABLE/LEVELVT.CPP
0x0040AB70,1,noop_level_eff_chunk_stream_virtual,LEVEL/ENTITY/TYPE18.CPP
0x0040AB80,5,return_false_vtable_callback_0040ab80,LEVEL/VTABLE/LEVELVT.CPP
0x0040AB90,5,return_false_vtable_callback_0040ab90,LEVEL/VTABLE/LEVELVT.CPP
0x0040ABA0,30,delete_managed_entity_packet_base,LEVEL/ENTITY/TYPE18.CPP
0x0040ABD0,8,return_true_vtable_callback_0040abd0,ENGINE/NET/VSNETSTR.CPP
0x0040ABE0,6,return_true_vtable_callback_0040abe0,ENGINE/NET/VSNETSTR.CPP
0x0040ABF0,1,noop_vtable_callback_0040abf0,ENGINE/NET/VSNETSTR.CPP
0x0040AC00,30,delete_eff_stream_base_wrapper_0040ac00,LEVEL/ENTITY/TYPE18.CPP
0x0040AC30,30,delete_level_chunk_stream,LEVEL/ENTITY/TYPE18.CPP
0x0040AC60,112,delete_invs_chunk_object_auto,ENGINE/CORE/LINKSCF.CPP
0x0040ACF0,46,invoke_callback_grid,LEVEL/VTABLE/LEVELVT.CPP
0x0040AD30,136,append_level_chunk_stream_payload,LEVEL/VTABLE/LEVELVT.CPP
0x0040ADC0,1,noop_vtable_callback_0040adc0,LEVEL/VTABLE/LEVELVT.CPP
0x0040ADD0,249,flush_level_chunk_stream_write,LEVEL/ENTITY/TYPE18.CPP
0x0040AED0,167,dispatch_level_chunk_entity_stream_commands,LEVEL/ENTITY/TYPE18.CPP
0x0040B020,170,construct_level_chunk_stream_dispatcher,ENGINE/CORE/LINKSCF.CPP
0x0040B0D0,80,destroy_level_chunk_stream_dispatcher,LEVEL/RUN/LEVELRUN.CPP
0x0040B120,42,reset_registered_level_chunk_streams,LEVEL/RUN/LEVELRUN.CPP
0x0040B150,42,register_level_chunk_stream,LEVEL/RUN/LEVELRUN.CPP
0x0040B180,103,remove_managed_entity_group_child,LEVEL/RUN/LEVELRUN.CPP
0x0040B1F0,29,get_registered_level_chunk_stream,LEVEL/RUN/LEVELRUN.CPP
0x0040B210,125,handle_level_chunk_stream_transport_event,LEVEL/RUN/LEVELRUN.CPP
0x0040B290,68,route_level_chunk_stream_payload,LEVEL/RUN/LEVELRUN.CPP
0x0040B2E0,62,emit_registered_level_chunk_stream_entries,LEVEL/RUN/LEVELRUN.CPP
0x0040B320,77,service_registered_level_chunk_streams,LEVEL/RUN/LEVELRUN.CPP
0x0040B450,30,delete_level_chunk_stream_dispatcher,LEVEL/RUN/LEVELRUN.CPP
0x0040B480,67,construct_type_0x35_chunk_object,LEVEL/RUN/LEVELRUN.CPP
0x0040B4D0,215,set_type_0x35_chunk_object_bounds,LEVEL/RUN/LEVELRUN.CPP
0x0040B5B0,51,copy_type_0x35_chunk_object_bounds,LEVEL/ENTITY/LV35BOUND.CPP
0x0040B5F0,54,is_point_inside_type35_chunk_bounds_inclusive,LEVEL/ENTITY/LV35BOUND.CPP
0x0040B630,60,is_point_inside_type_0x35_chunk_bounds,LEVEL/ENTITY/LV35BOUND.CPP
0x0040B670,215,choose_type35_random_target,LEVEL/RUN/LEVELRUN.CPP
0x0040B760,374,service_type_0x35_chunk_object,LEVEL/RUN/LEVELRUN.CPP
0x0040B8E0,25,construct_slnk_chunk_manager,LEVEL/RUN/LEVELRUN.CPP
0x0040B900,48,reset_type_0x35_chunk_objects,LEVEL/RUN/LEVELRUN.CPP
0x0040B930,148,allocate_type_0x35_chunk_object_array,LEVEL/RUN/LEVELRUN.CPP
0x0040B9D0,14,delete_type_0x35_chunk_object_array,LEVEL/RUN/LEVELRUN.CPP
0x0040B9E0,80,append_type_0x35_chunk_object,LEVEL/RUN/LEVELRUN.CPP
0x0040BA30,925,remove_type_0x35_chunk_object_by_slot,LEVEL/RUN/LEVELRUN.CPP
0x0040BDD0,70,emit_slnk_chunk_manager_render_entries,LEVEL/RUN/LEVELRUN.CPP
0x0040BE20,40,service_type_0x35_chunk_objects,LEVEL/RUN/LEVELRUN.CPP
0x0040BE50,125,load_slnk_chunk_objects,LEVEL/RUN/LEVELRUN.CPP
0x0040C170,13,set_managed_entity_state_id_local,LEVEL/VTABLE/LEVELVT.CPP
0x0040C180,24,set_managed_entity_state_id_with_variant_local,LEVEL/VTABLE/LEVELVT.CPP
0x0040C1A0,1,noop_managed_entity_virtual_hook,LEVEL/VTABLE/LEVELVT.CPP
0x0040C1B0,1,noop_callback_0040c1b0,LEVEL/VTABLE/LEVELVT.CPP
0x0040C1C0,6,return_two_vtable_callback,LEVEL/VTABLE/LEVELVT.CPP
0x0040C1D0,105,delete_level_chunk_object_base_array,LEVEL/VTABLE/LEVELVT.CPP
0x0040C260,5,destroy_level_chunk_object_base,LEVEL/VTABLE/LEVELVT.CPP
0x0040C270,25,copy_three_dword_point,LEVEL/VTABLE/LEVELVT.CPP
0x0040C290,19,copy_two_dword_pair,LEVEL/VTABLE/LEVELVT.CPP
0x0040C2B0,25,copy_three_dword_point_variant,LEVEL/VTABLE/LEVELVT.CPP
0x0040C2D0,119,construct_type_0x18_chunk_object,LEVEL/VTABLE/LEVELVT.CPP
0x0040C350,90,reset_type_0x18_chunk_object_runtime_state,LEVEL/ENTITY/TYPE18RESET.CPP
0x0040C3B0,313,emit_type_0x18_chunk_render_entry,LEVEL/VTABLE/LEVELVT.CPP
0x0040C4F0,510,advance_type18_state,LEVEL/VTABLE/LEVELVT.CPP
0x0040C720,42,set_fixed_point_triplet_from_ints,LEVEL/ENTITY/TYPE18RESET.CPP
0x0040C750,89,construct_type_0x18_chunk_stream,LEVEL/ENTITY/TYPE18.CPP
0x0040C7B0,38,reset_type_0x18_chunk_stream_objects,LEVEL/ENTITY/TYPE18.CPP
0x0040C7E0,48,destroy_type_0x18_chunk_stream,LEVEL/ENTITY/TYPE18.CPP
0x0040C810,128,append_type_0x18_chunk_object,LEVEL/ENTITY/TYPE18.CPP
0x0040C890,83,emit_type_0x18_chunk_stream_entries,LEVEL/ENTITY/TYPE18.CPP
0x0040C8F0,81,prepare_type18_chunk_stream_objects,LEVEL/ENTITY/TYPE18.CPP
0x0040C950,180,get_type_0x18_chunk_object_position,LEVEL/ENTITY/TYPE18.CPP
0x0040CA10,36,set_type18_chunk_object_position_by_index,LEVEL/ENTITY/TYPE18.CPP
0x0040CA40,371,load_network_player_chunk_markers,LEVEL/ENTITY/TYPE18.CPP
0x0040CBC0,44,release_owned_pointer_array_and_reset_count,LEVEL/ENTITY/LVOWNOBJ.CPP
0x0040CE40,1,noop_vtable_callback_0040ce40,LEVEL/VTABLE/LEVELVT.CPP
0x0040CE50,30,delete_level_chunk_object_base_scalar_a,LEVEL/VTABLE/LEVELVT.CPP
0x0040CE80,6,return_two_callback,LEVEL/VTABLE/LEVELVT.CPP
0x0040CE90,1,noop_type18_packet_hook,LEVEL/ENTITY/TYPE18.CPP
0x0040CEA0,30,delete_level_chunk_object_base_scalar_b,LEVEL/ENTITY/TYPE18.CPP
0x0040CED0,30,delete_type_0x18_chunk_stream,LEVEL/ENTITY/TYPE18.CPP
0x0040CF00,3,return_argument_vtable_callback,LEVEL/RUN/LEVELRUN.CPP
0x0040CF10,28,reset_level_field_0x194_timer_block,LEVEL/RUN/LEVELRUN.CPP
0x0040CF30,1,noop_vtable_callback_0040cf30,LEVEL/VTABLE/LEVELVT.CPP
0x0040CF40,137,prune_anim_chunk_records_to_supported_special_tile_types,LEVEL/VTABLE/LEVELVT.CPP
0x0040CFF0,141,advance_anim_chunk_frames,LEVEL/RUN/LEVELRUN.CPP
0x0040D080,64,has_anim_chunk_record_at_tile,LEVEL/RUN/LEVELRUN.CPP
0x0040D0C0,109,append_static_anim_chunk_record_if_unique,LEVEL/RUN/LEVELRUN.CPP
0x0040D130,243,append_anim_chunk_record_if_unique,LEVEL/RUN/LEVELRUN.CPP
0x0040D230,115,remove_anim_chunk_records_at_tile,LEVEL/RUN/LEVELRUN.CPP
0x0040D2B0,48,serialize_anim_chunk_records,LEVEL/CHUNK/ANIMREC.CPP
0x0040D2E0,105,load_anim_chunk_records,LEVEL/RUN/LEVELRUN.CPP
0x0040D470,24,construct_door_chunk_object,LEVEL/VTABLE/LEVELVT.CPP
0x0040D490,5,reset_managed_entity_base_runtime_state,LEVEL/RUN/LEVELRUN.CPP
0x0040D4A0,678,initialize_door_chunk_object,LEVEL/VTABLE/LEVELVT.CPP
0x0040D760,417,clear_door_chunk_footprint_occupancy_flags,LEVEL/VTABLE/LEVELVT.CPP
0x0040D910,293,set_door_chunk_tile_blocking_flags,LEVEL/VTABLE/LEVELVT.CPP
0x0040DA40,305,clear_door_chunk_tile_blocking_flags,LEVEL/VTABLE/LEVELVT.CPP
0x0040DB80,345,service_door_chunk_object_state_machine,LEVEL/VTABLE/LEVELVT.CPP
0x0040DD00,47,request_door_chunk_object_trigger_transition,ENGINE/CORE/LINKSCF.CPP
0x0040DD30,32,is_door_chunk_idle_or_closed_state,LEVEL/VTABLE/LEVELVT.CPP
0x0040DD50,39,latch_door_chunk_trigger_timestamp,LEVEL/VTABLE/LEVELVT.CPP
0x0040DD80,292,handle_door_chunk_object_entity_overlap,ENGINE/CORE/LINKSCF.CPP
0x0040DEC0,98,activate_door_chunk_object_trigger,ENGINE/CORE/LINKSCF.CPP
0x0040DF30,91,construct_door_chunk_manager,ENGINE/CORE/LINKSCF.CPP
0x0040DF90,48,dispatch_child_array_virtual_0x104,ENGINE/CORE/LINKSCF.CPP
0x0040DFC0,160,allocate_door_chunk_object_array,ENGINE/CORE/LINKSCF.CPP
0x0040E060,31,destroy_door_chunk_manager,ENGINE/CORE/LINKSCF.CPP
0x0040E080,55,emit_door_chunk_render_entries,ENGINE/CORE/LINKSCF.CPP
0x0040E0C0,123,append_door_chunk_object,ENGINE/CORE/LINKSCF.CPP
0x0040E140,956,remove_door_chunk_object_by_slot_id,ENGINE/CORE/LINKSCF.CPP
0x0040E500,72,dispatch_door_chunk_entity_overlap,ENGINE/CORE/LINKSCF.CPP
0x0040E550,74,service_active_door_chunk_objects,ENGINE/CORE/LINKSCF.CPP
0x0040E5A0,88,dispatch_door_chunk_object_trigger_by_slot,ENGINE/CORE/LINKSCF.CPP
0x0040E600,40,get_door_chunk_object_slot_id_by_index,ENGINE/CORE/LSDOORSLOT.CPP
0x0040E630,156,load_door_chunk_objects,ENGINE/CORE/LINKSCF.CPP
0x0040EB70,24,get_level_tile_grid_cell_pointer,ENGINE/CORE/LINKSCF.CPP
0x0040EB90,53,or_level_tile_grid_cell_flags,ENGINE/CORE/LINKSCF.CPP
0x0040EBE0,30,delete_door_chunk_manager,ENGINE/CORE/LINKSCF.CPP
0x0040EC10,107,delete_door_chunk_object_array,ENGINE/CORE/LINKSCF.CPP
0x0040ECA0,5,destroy_level_chunk_object_base,LEVEL/VTABLE/LEVELVT.CPP
0x0040ECB0,212,construct_plas_chunk_object,ENGINE/CORE/LINKSCF.CPP
0x0040ED90,573,activate_or_stage_plas_chunk_object,ENGINE/CORE/LINKSCF.CPP
0x0040EFD0,48,destroy_door_chunk_object,ENGINE/CORE/LINKSCF.CPP
0x0040F000,203,handle_door_chunk_object_target_tile_projectile_result,ENGINE/CORE/LINKSCF.CPP
0x0040F0D0,13,set_managed_entity_owner_group,LEVEL/VTABLE/LEVELVT.CPP
0x0040F0E0,7,get_managed_entity_owner_group,LEVEL/VTABLE/LEVELVT.CPP
0x0040F0F0,13,set_managed_entity_primary_active_flag,LEVEL/VTABLE/LEVELVT.CPP
0x0040F100,13,set_managed_entity_secondary_active_flag,LEVEL/VTABLE/LEVELVT.CPP
0x0040F110,7,get_level_mode_field_0x17c,LEVEL/VTABLE/LEVELVT.CPP
0x0040F120,59,dispatch_door_chunk_object_plas_state_table_variant_0_or_1,LEVEL/VTABLE/LEVELVT.CPP
0x0040F160,178,update_door_chunk_object_facing_toward_queue_cursor,LEVEL/VTABLE/LEVELVT.CPP
0x0040F220,140,update_door_chunk_object_facing_toward_target_tile,LEVEL/VTABLE/LEVELVT.CPP
0x0040F2B0,15,has_door_chunk_object_target_tile_latched,LEVEL/VTABLE/LEVELVT.CPP
0x0040F2C0,68,set_door_chunk_object_target_tile,LEVEL/VTABLE/LEVELVT.CPP
0x0040F310,223,emit_door_chunk_object_target_tile_projectile,LEVEL/VTABLE/LEVELVT.CPP
0x0040F410,15,schedule_door_chunk_object_update_in_10_ticks,LEVEL/VTABLE/LEVELVT.CPP
0x0040F420,11,clear_door_chunk_object_target_tile_latch,LEVEL/VTABLE/LEVELVT.CPP
0x0040F430,113,is_door_chunk_object_facing_toward_queue_cursor,LEVEL/VTABLE/LEVELVT.CPP
0x0040F4B0,69,is_door_chunk_object_facing_toward_target_tile,LEVEL/VTABLE/LEVELVT.CPP
0x0040F500,189,remove_active_door_chunk_object,LEVEL/VTABLE/LEVELVT.CPP
0x0040F600,61,start_door_chunk_object_vertical_motion,LEVEL/VTABLE/LEVELVT.CPP
0x0040F640,169,deserialize_managed_entity_stream_snapshot,LEVEL/VTABLE/LEVELVT.CPP
0x0040F6F0,167,serialize_managed_entity_stream_snapshot,LEVEL/VTABLE/LEVELVT.CPP
0x0040F7A0,61,poll_managed_entity_child_dirty_flag,LEVEL/VTABLE/LEVELVT.CPP
0x0040F7E0,375,poll_managed_entity_stream_dirty_flag,LEVEL/VTABLE/LEVELVT.CPP
0x0040F960,79,has_projectile_request_code_queued,LEVEL/VTABLE/LEVELVT.CPP
0x0040F9B0,92,append_projectile_request_code,LEVEL/VTABLE/LEVELVT.CPP
0x0040FA10,109,schedule_door_chunk_object_random_delay_variant,LEVEL/VTABLE/LEVELVT.CPP
0x0040FA80,351,activate_projectile_object_at_position,LEVEL/VTABLE/LEVELVT.CPP
0x0040FBE0,79,get_last_queued_projectile_request_code,LEVEL/VTABLE/LEVELVT.CPP
0x0040FC50,82,remove_queued_projectile_request_code,LEVEL/VTABLE/LEVELVT.CPP
0x0040FCB0,30,get_queued_projectile_request_code_by_index,LEVEL/VTABLE/LEVELVT.CPP
0x0040FCD0,52,dispatch_object_state_variant_callback,LEVEL/VTABLE/LEVELVT.CPP
0x0040FD10,589,advance_projectile_toward_boon_target,LEVEL/VTABLE/LEVELVT.CPP
0x0040FF60,1,noop_projectile_boon_hook,LEVEL/VTABLE/LEVELVT.CPP
0x0040FF70,251,select_next_projectile_boon_target,LEVEL/VTABLE/LEVELVT.CPP
0x00410090,106,set_randomized_object_timer_0x190,LEVEL/VTABLE/LEVELVT.CPP
0x00410100,278,settle_managed_entity_on_sampled_terrain,LEVEL/VTABLE/LEVELVT.CPP
0x00410220,38,set_managed_entity_state_id_with_timestamp,LEVEL/VTABLE/LEVELVT.CPP
0x00410250,120,set_managed_entity_ice_attachment,LEVEL/VTABLE/LEVELVT.CPP
0x004102D0,55,is_managed_entity_state_not_7_8_15_or_0f_variant_1_2,LEVEL/VTABLE/LEVELVT.CPP
0x004108B0,252,emit_plas_chu

... [OUTPUT TRUNCATED - 195,140 chars omitted out of 245,065 total] ...

/RAWOUT.CPP
0x00472A60,163,translate_keyboard_render_queue_entry,ENGINE/CORE/VSINIT.CPP
0x00472B10,195,debug_message_thread_main,ENGINE/DEBUG/TEXTWIN.CPP
0x00472BE0,129,initialize_debug_message_thread,ENGINE/CORE/VSINIT.CPP
0x00472C70,99,shutdown_debug_message_thread,ENGINE/CORE/VSINIT.CPP
0x00472CE0,218,construct_small_memory_bucket,ENGINE/CORE/VSMEM.CPP
0x00472DC0,121,destroy_small_memory_bucket,ENGINE/CORE/VSMEM.CPP
0x00472E40,187,allocate_small_memory_bucket_slot,ENGINE/CORE/VSMEM.CPP
0x00472F00,199,free_small_memory_bucket_slot,ENGINE/CORE/VSMEM.CPP
0x00472FD0,118,find_next_free_small_memory_bucket_slot,ENGINE/CORE/VSMEM.CPP
0x00473050,140,allocate_small_memory_child_bucket,ENGINE/CORE/VSMEM.CPP
0x004730E0,59,release_small_memory_child_bucket,ENGINE/CORE/VSMEM.CPP
0x00473120,8,release_parent_small_memory_child_bucket,ENGINE/CORE/VSMEM.CPP
0x00473140,45,is_pointer_inside_small_memory_bucket_chain,ENGINE/CORE/VSMEM.CPP
0x00473180,253,construct_small_memory_bucket_table,ENGINE/CORE/VSMEM.CPP
0x00473280,74,destroy_small_memory_bucket_table,ENGINE/CORE/VSMEM.CPP
0x004732D0,102,allocate_from_small_memory_bucket_table,ENGINE/CORE/VSMEM.CPP
0x00473340,80,free_to_small_memory_bucket_table,ENGINE/CORE/VSMEM.CPP
0x00473390,341,select_audio_manager_backends,ENGINE/MEDIA/VSSOUND.CPP
0x004734F0,288,show_release_assert_failure_and_abort,GAME.CPP
0x00473610,29,construct_palette_remap_variant_wrapper,GAME.CPP
0x00473630,19,construct_vsmem_pointer_table_wrapper,ENGINE/CORE/VSINIT.CPP
0x00473650,164,construct_list_char_entry_table,ENGINE/GDI/RENDER/GDISUBVT.CPP
0x00473700,13,resource_geometry_row_buffer_slot5,ENGINE/GDI/RENDER/GDISUBVT.CPP
0x00473710,29,resource_geometry_row_buffer_slot6,ENGINE/GDI/RENDER/GDISUBVT.CPP
0x00473730,29,destroy_list_char_entry_table,ENGINE/GDI/RENDER/GDISUBVT.CPP
0x00473750,30,resource_geometry_row_buffer_slot4,ENGINE/GDI/RENDER/GDISUBVT.CPP
0x00473770,31,resource_geometry_row_buffer_slot8,ENGINE/GDI/RENDER/GDISUBVT.CPP
0x00473790,316,show_fatal_getlasterror_message_and_exit,ENGINE/GDI/WINDOW/VSWINDOW.CPP
0x004738E0,301,append_debug_text_line_record,ENGINE/DEBUG/TEXTWIN.CPP
0x00473A10,65,append_debug_text_lines_split_newlines,ENGINE/DEBUG/TEXTWIN.CPP
0x00473A60,647,construct_debug_text_window,ENGINE/DEBUG/TEXTWIN.CPP
0x00473CF0,147,destroy_debug_text_window,ENGINE/DEBUG/TEXTWIN.CPP
0x00473D90,136,post_allocated_text_control_string,ENGINE/DEBUG/TEXTWIN.CPP
0x00473E20,129,handle_debug_text_append_message,ENGINE/DEBUG/TEXTWIN.CPP
0x00473EB0,68,get_window_client_rect_in_screen_coords,ENGINE/DEBUG/TEXTWIN.CPP
0x00473F00,89,map_screen_y_to_debug_text_line_index,ENGINE/DEBUG/TEXTWIN.CPP
0x00473F60,30,invalidate_text_control_window,ENGINE/DEBUG/TXWININV.CPP
0x00473F80,115,invalidate_debug_text_line_range,ENGINE/DEBUG/TEXTWIN.CPP
0x00474000,71,refresh_debug_text_visible_line_counts,ENGINE/DEBUG/TEXTWIN.CPP
0x00474050,51,refresh_debug_text_client_width,ENGINE/DEBUG/TEXTWIN.CPP
0x00474090,160,resize_debug_text_window_to_line_height,ENGINE/DEBUG/TEXTWIN.CPP
0x00474130,348,paint_debug_text_window_lines,ENGINE/DEBUG/TEXTWIN.CPP
0x00474290,131,scroll_debug_text_window,ENGINE/DEBUG/TEXTWIN.CPP
0x00474340,100,begin_text_selection_drag,ENGINE/DEBUG/TEXTWIN.CPP
0x004743B0,37,release_debug_text_mouse_capture,ENGINE/DEBUG/TEXTWIN.CPP
0x004743E0,75,set_text_selection_range_state,ENGINE/DEBUG/TEXTWIN.CPP
0x00474430,101,scroll_debug_text_line_into_view,ENGINE/DEBUG/TEXTWIN.CPP
0x004744A0,121,update_text_selection_drag,ENGINE/DEBUG/TEXTWIN.CPP
0x00474520,243,build_selected_text_clipboard_string,ENGINE/DEBUG/TEXTWIN.CPP
0x00474620,304,copy_selected_text_to_clipboard,ENGINE/DEBUG/TEXTWIN.CPP
0x004749B0,13,initialize_debug_text_line_record,ENGINE/DEBUG/DEBUGVT.CPP
0x004749C0,93,advance_text_draw_entry_cursor,LEVEL/IO/DRAWTEXT.CPP
0x00474A20,297,process_text_level_screen_draw_entry,LEVEL/IO/DRAWTEXT.CPP
0x00474B50,41,initialize_arrow_cursor_state,ENGINE/GDI/RENDER/VSGDI.CPP
0x00474B80,38,initialize_arrow_cursor_position,ENGINE/GDI/RENDER/VSGDI.CPP
0x00474BB0,38,destroy_cursor_state_render_client,ENGINE/GDI/RENDER/VSGDI.CPP
0x00474BE0,28,hide_arrow_cursor,ENGINE/GDI/RENDER/VSGDI.CPP
0x00474C00,20,show_cursor_and_mark_visible,ENGINE/GDI/RENDER/VSGDI.CPP
0x00474C20,276,merge_child_helper_rects_and_notify_root,ENGINE/GDI/RENDER/VSGDI.CPP
0x00474DD0,133,copy_rect_rows_to_helper_group0_buffer,ENGINE/GDI/RENDER/VSGDI.CPP
0x00474E60,114,fill_rect_in_helper_group0_buffer,ENGINE/GDI/RENDER/VSGDI.CPP
0x00474EE0,235,copy_helper_group0_rect_to_target,ENGINE/GDI/RENDER/VSGDI.CPP
0x00474FD0,168,draw_helper_surface_pixel_command,ENGINE/GDI/RENDER/VSGDI.CPP
0x00475080,54,fill_helper_surface_rect_command,ENGINE/GDI/RENDER/VSGDI.CPP
0x004750C0,450,draw_helper_surface_line_command,ENGINE/GDI/RENDER/VSGDI.CPP
0x00475290,498,draw_helper_surface_circle_outline_command,ENGINE/GDI/RENDER/VSGDI.CPP
0x00475490,568,fill_helper_surface_circle_command,ENGINE/GDI/RENDER/GDIVT.CPP
0x004756D0,4,get_draw_command_rect_payload,ENGINE/GDI/RENDER/GDIVT.CPP
0x004756E0,183,fill_helper_surface_rect,ENGINE/GDI/RENDER/VSGDI.CPP
0x004757A0,1046,clip_segment_to_helper_clip_rect,ENGINE/GDI/RENDER/VSGDI.CPP
0x00475BC0,178,classify_circle_against_helper_clip_rect,ENGINE/GDI/RENDER/VSGDI.CPP
0x00475C80,91,plot_circle_outline_quadrants_unclipped,ENGINE/GDI/RENDER/VSGDI.CPP
0x00475CE0,638,plot_circle_outline_quadrants_clipped,ENGINE/GDI/RENDER/VSGDI.CPP
0x00475F60,70,point_in_helper_clip_rect,ENGINE/GDI/RENDER/VSGDI.CPP
0x00475FB0,336,plot_circle_outline_pair_clipped,ENGINE/GDI/RENDER/VSGDI.CPP
0x00476100,138,fill_circle_scanline_pair_unclipped,ENGINE/GDI/RENDER/VSGDI.CPP
0x00476190,726,fill_circle_scanlines_clipped,ENGINE/GDI/RENDER/VSGDI.CPP
0x00476470,259,fill_circle_scanline_pair_clipped,ENGINE/GDI/RENDER/VSGDI.CPP
0x00476580,363,clip_render_rect_to_surface_bounds,ENGINE/GDI/RENDER/VSGDI.CPP
0x004766F0,536,decode_zrle_rows_clipped,ENGINE/GDI/RENDER/VSGDI.CPP
0x00476910,733,decode_zrle_rows_clipped_write_mask,ENGINE/GDI/RENDER/VSGDI.CPP
0x00476BF0,742,decode_zrle_rows_clipped_gated_by_mask,ENGINE/GDI/RENDER/VSGDI.CPP
0x00476EE0,587,decode_zrle_rows_clipped_mirrored,ENGINE/GDI/RENDER/VSGDI.CPP
0x00477130,200,decode_zrle_rows,ENGINE/GDI/RENDER/VSGDI.CPP
0x00477200,269,decode_zrle_rows_write_mask,ENGINE/GDI/RENDER/VSGDI.CPP
0x00477310,298,decode_zrle_rows_palette_write_mask,ENGINE/GDI/RENDER/VSGDI.CPP
0x00477440,250,decode_zrle_rows_gated_by_mask,ENGINE/GDI/RENDER/VSGDI.CPP
0x00477540,284,decode_zrle_rows_palette_gated_by_mask,ENGINE/GDI/RENDER/VSGDI.CPP
0x00477660,221,decode_zrle_rows_mirrored,ENGINE/GDI/RENDER/VSGDI.CPP
0x00477740,655,decode_zrle_rows_clipped_palette,ENGINE/GDI/RENDER/VSGDI.CPP
0x004779D0,646,decode_zrle_rows_clipped_palette_write_mask,ENGINE/GDI/RENDER/VSGDI.CPP
0x00477C60,750,decode_zrle_rows_clipped_palette_gated_by_mask,ENGINE/GDI/RENDER/VSGDI.CPP
0x00477F50,656,decode_zrle_rows_clipped_palette_mirrored,ENGINE/GDI/RENDER/VSGDI.CPP
0x004781E0,232,decode_zrle_rows_palette,ENGINE/GDI/RENDER/VSGDI.CPP
0x004782D0,239,decode_zrle_rows_palette_mirrored,ENGINE/GDI/RENDER/VSGDI.CPP
0x004783C0,1064,render_packaged_zrle_entry_via_helper,ENGINE/GDI/RENDER/VSGDI.CPP
0x004787F0,568,blit_bitmap_rows_to_scanlines,ENGINE/GDI/RENDER/VSGDI.CPP
0x00478B80,41,initialize_render_blit_rect_from_point,ENGINE/GDI/WINDOW/VSWINGRECT.CPP
0x00478BB0,1017,render_zrle_frame_at_point_via_helper,ENGINE/GDI/WINDOW/VSWING.CPP
0x00478FB0,437,dispatch_visual_sciences_wing_driver_message,ENGINE/GDI/WINDOW/VSWING.CPP
0x00479190,120,open_visual_sciences_wing_draw_handler,ENGINE/GDI/WINDOW/VSWING.CPP
0x00479210,132,close_visual_sciences_wing_draw_handler,ENGINE/GDI/WINDOW/VSWING.CPP
0x004792A0,135,fill_visual_sciences_wing_draw_info,ENGINE/GDI/WINDOW/VSWING.CPP
0x00479330,56,validate_visual_sciences_wing_8bpp_format,ENGINE/GDI/WINDOW/VSWING.CPP
0x00479370,98,suggest_visual_sciences_wing_draw_format,ENGINE/GDI/WINDOW/VSWING.CPP
0x004793E0,145,begin_visual_sciences_wing_draw,ENGINE/GDI/WINDOW/VSWING.CPP
0x00479480,56,draw_visual_sciences_wing_frame,ENGINE/GDI/WINDOW/VSWING.CPP
0x004794C0,5,noop_visual_sciences_wing_draw_change_palette,ENGINE/GDI/RENDER/GDIVT.CPP
0x004794D0,5,noop_visual_sciences_wing_draw_end,ENGINE/GDI/RENDER/GDIVT.CPP
0x004794E0,42,select_file_network_address_type,ENGINE/NET/VSNET.CPP
0x00479510,37,initialize_file_network_address,ENGINE/NET/VSNET.CPP
0x00479540,54,initialize_eff_stream_record_slot,ENGINE/NET/VSNETFIL.CPP
0x00479580,66,vs_net_eff_stream_record_slot_save,ENGINE/NET/VSNETFIL.CPP
0x004795D0,69,load_eff_stream_record_slot,ENGINE/NET/VSNETFIL.CPP
0x00479620,184,construct_eff_stream_record_slot_table,ENGINE/NET/VSNETFIL.CPP
0x004796E0,44,destroy_eff_stream_record_slot_table,ENGINE/NET/VSNETFIL.CPP
0x00479720,112,vs_net_eff_stream_record_slot_table_find_next_changed_slot,ENGINE/NET/VSNETFIL.CPP
0x00479790,56,load_eff_stream_record_slot_table,ENGINE/NET/VSNETFIL.CPP
0x004797D0,62,vs_net_eff_stream_record_slot_table_reverse_eff_stream_payload,ENGINE/NET/VSNETFIL.CPP
0x00479810,71,construct_eff_512_byte_state_stream,ENGINE/NET/VSNETFIL.CPP
0x00479860,29,has_nonzero_eff_512_byte_state,ENGINE/NET/VSNETFIL.CPP
0x00479880,121,open_file_backed_eff_handle_with_retry,ENGINE/NET/VSNETFIL.CPP
0x00479900,24,map_nested_eff_callback_failure_to_status_6,ENGINE/NET/VSNETFIL.CPP
0x00479920,9,clear_file_backed_eff_channel_state_word,ENGINE/NET/VSNETFIL.CPP
0x00479930,272,construct_dual_file_backed_eff_channel,ENGINE/NET/VSNETFIL.CPP
0x00479A40,227,load_eff_stream_from_file_backed_range,ENGINE/NET/VSNETFIL.CPP
0x00479B30,211,load_file_backed_eff_record_payload,ENGINE/NET/VSNETFIL.CPP
0x00479C10,526,service_pending_file_backed_eff_records,ENGINE/NET/VSNETFIL.CPP
0x00479E20,285,construct_timed_file_backed_eff_channel,ENGINE/NET/VSNETFIL.CPP
0x00479F40,83,restore_timed_file_backed_eff_channel_vtables,ENGINE/NET/VSNETFIL.CPP
0x00479FA0,227,write_eff_stream_to_locked_file,ENGINE/NET/VSNETFIL.CPP
0x0047A090,23,invoke_adjusted_timed_eff_stream_service_callback,ENGINE/NET/VSNETFIL.CPP
0x0047A0B0,365,append_file_backed_eff_record_slot,ENGINE/NET/VSNETFIL.CPP
0x0047A220,506,construct_embedded_file_backed_eff_channel_stack,ENGINE/NET/VSNETFIL.CPP
0x0047A420,66,append_adjusted_file_backed_eff_record_slot,ENGINE/NET/VSNETFIL.CPP
0x0047A470,85,increment_file_backed_eff_stream_marker,ENGINE/NET/VSNETFIL.CPP
0x0047A4D0,85,decrement_file_backed_eff_stream_marker,ENGINE/NET/VSNETFIL.CPP
0x0047A530,58,decrement_file_backed_eff_marker_and_release_if_zero,ENGINE/NET/VSNETFIL.CPP
0x0047A570,916,construct_global_state_file_backed_eff_composite,ENGINE/NET/VSNETFIL.CPP
0x0047A910,253,destroy_global_state_file_backed_eff_composite,ENGINE/NET/VSNETFIL.CPP
0x0047AA10,241,initialize_global_state_file_backed_eff_storage,ENGINE/NET/VSNETFIL.CPP
0x0047AB10,3,noop_global_file_transport_runtime,ENGINE/NET/VSNETFIL.CPP
0x0047AB20,294,start_global_file_transport,ENGINE/NET/VSNETFIL.CPP
0x0047AC50,144,load_locked_eff_stream_from_file_range,ENGINE/NET/VSNETFIL.CPP
0x0047ACE0,137,write_locked_eff_stream_to_file_range,ENGINE/NET/VSNETFIL.CPP
0x0047AD70,138,vs_net_global_state_file_backed_eff_composite_claim_runtime_flag,ENGINE/NET/VSNETFIL.CPP
0x0047AE00,203,vs_net_global_state_file_backed_eff_composite_clear_runtime_flag,ENGINE/NET/VSNETFIL.CPP
0x0047AED0,8,enable_global_file_transport_runtime,ENGINE/NET/VSNETFIL.CPP
0x0047AEE0,8,disable_global_file_transport_runtime,ENGINE/NET/VSNETFIL.CPP
0x0047AEF0,54,service_global_file_transport_connect,ENGINE/NET/VSNETFIL.CPP
0x0047AF30,869,construct_dual_slot_table_file_backed_eff_composite,ENGINE/NET/VSNETFIL.CPP
0x0047B2A0,208,destroy_dual_slot_table_file_backed_eff_composite,ENGINE/NET/VSNETFIL.CPP
0x0047B370,60,write_dual_slot_table_file_backed_eff_header,ENGINE/NET/VSNETFIL.CPP
0x0047B3B0,142,set_dual_file_transport_paths,ENGINE/NET/VSNETFIL.CPP
0x0047B440,143,open_dual_file_transport_storage,ENGINE/NET/VSNETFIL.CPP
0x0047B4D0,106,start_dual_file_transport,ENGINE/NET/VSNETFIL.CPP
0x0047B540,50,mark_dual_file_transport_ready,ENGINE/NET/VSNETFIL.CPP
0x0047B580,584,initialize_dual_file_transport_ranges,ENGINE/NET/VSNETFIL.CPP
0x0047B7D0,30,vs_net_eff_stream_record_slot_table_delete,ENGINE/NET/VSNETFIL.CPP
0x0047B7F0,101,vs_net_eff_stream_record_slot_delete,ENGINE/NET/VSNETFIL.CPP
0x0047B860,5,destroy_eff_stream_base,ENGINE/NET/VSNETSTR.CPP
0x0047B870,15,vs_net_eff512_byte_state_stream_save,ENGINE/NET/VSNETFIL.CPP
0x0047B880,15,vs_net_eff512_byte_state_stream_load,ENGINE/NET/VSNETFIL.CPP
0x0047B890,50,vs_net_eff512_byte_state_stream_delete,ENGINE/NET/VSNETFIL.CPP
0x0047B8E0,4,vs_net_win32_file_wrapper_get_owned_path,ENGINE/NET/VSNETFIL.CPP
0x0047B8F0,18,clear_nested_eff_channel_async_status,ENGINE/NET/VSNETFIL.CPP
0x0047B910,57,delete_eff_channel_state_side_buffer_wrapper,ENGINE/NET/VSNETFIL.CPP
0x0047B950,11,write_eff_stream_u16_field2_c,ENGINE/NET/VSNETFIL.CPP
0x0047B960,10,read_eff_stream_u16_field2_c,ENGINE/NET/VSNETFIL.CPP
0x0047B970,30,delete_eff_stream_base_wrapper,ENGINE/NET/VSNETFIL.CPP
0x0047B990,27,vs_net_dual_slot_table_file_backed_eff_composite_service_peer,ENGINE/NET/VSNETFIL.CPP
0x0047B9B0,8,adjust_and_release_composite_file_backed_eff_marker,ENGINE/NET/VSNETFIL.CPP
0x0047B9C0,8,adjust_and_delete_composite_file_backed_eff_channel_wrapper,ENGINE/NET/VSNETFIL.CPP
0x0047B9D0,103,delete_composite_file_backed_eff_channel_wrapper,ENGINE/NET/VSNETFIL.CPP
0x0047BA40,11,clear_embedded_channel_async_error_adjusted,ENGINE/NET/VSNETFIL.CPP
0x0047BA50,14,clear_timed_transport_pending_write_adjusted,ENGINE/NET/VSNETFIL.CPP
0x0047BA60,29,clear_adjusted_eff_pending_write_state,ENGINE/NET/VSNETFIL.CPP
0x0047BA80,11,adjust_and_delete_global_state_composite_at30,ENGINE/NET/VSNETFIL.CPP
0x0047BA90,14,write_timed_transport_with_session_adjusted,ENGINE/NET/VSNETFIL.CPP
0x0047BAA0,21,write_adjusted_eff_stream_with_global_session,ENGINE/NET/VSNETFIL.CPP
0x0047BAC0,14,adjust_and_claim_global_state_timed_eff_transport_record_payload,ENGINE/NET/VSNETFIL.CPP
0x0047BAD0,21,claim_adjusted_eff_transport_record_payload,ENGINE/NET/VSNETFIL.CPP
0x0047BAF0,11,vs_net_timed_file_backed_eff_channel_capture_timed_socket_lookup,ENGINE/NET/VSNETFIL.CPP
0x0047BB00,14,append_adjusted_global_state_timed_file_backed_eff_record_slot,ENGINE/NET/VSNETFIL.CPP
0x0047BB10,14,delete_file_channel_adapter_vector,ENGINE/NET/VSNETFIL.CPP
0x0047BB20,14,write_global_dual_transport_session_adjusted,ENGINE/NET/VSNETFIL.CPP
0x0047BB30,14,adjust_and_claim_global_state_dual_eff_transport_record_payload,ENGINE/NET/VSNETFIL.CPP
0x0047BB40,11,adjust_and_release_global_state_file_backed_eff_marker,ENGINE/NET/VSNETFIL.CPP
0x0047BB50,8,adjust_and_delete_global_state_file_backed_eff_composite_wrapper,ENGINE/NET/VSNETFIL.CPP
0x0047BB60,100,delete_global_state_file_backed_eff_composite_wrapper,ENGINE/NET/VSNETFIL.CPP
0x0047BBD0,11,adjust_and_clear_embedded_eff_channel_async_status13c,ENGINE/NET/VSNETFIL.CPP
0x0047BBE0,8,adjust_and_close_eff_transport_peer_by_key,ENGINE/NET/VSNETFIL.CPP
0x0047BBF0,16,clear_global_file_transport_pending_write,ENGINE/NET/VSNETFIL.CPP
0x0047BC00,11,delete_timed_global_file_transport_adjusted,ENGINE/NET/VSNETFIL.CPP
0x0047BC10,14,adjust_and_write_global_state_timed_eff_stream_from158,ENGINE/NET/VSNETFIL.CPP
0x0047BC20,14,adjust_and_claim_global_state_timed_eff_stream_from158,ENGINE/NET/VSNETFIL.CPP
0x0047BC30,11,vs_net_timed_file_backed_eff_channel_capture_timed_socket_lookup,ENGINE/NET/VSNETFIL.CPP
0x0047BC40,14,append_adjusted_global_state_file_backed_eff_record_slot,ENGINE/NET/VSNETFIL.CPP
0x0047BC50,14,delete_global_file_transport_vector,ENGINE/NET/VSNETFIL.CPP
0x0047BC60,14,adjust_and_write_dual_slot_timed_eff_stream_with_global_session,ENGINE/NET/VSNETFIL.CPP
0x0047BC70,14,adjust_and_claim_dual_slot_timed_eff_transport_record_payload,ENGINE/NET/VSNETFIL.CPP
0x0047BC80,8,vs_net_runtime_channel_stack_dual_stream_ret8,ENGINE/NET/VSNETFIL.CPP
0x0047BC90,8,initialize_global_state_file_backed_eff_storage_adjustor,ENGINE/NET/VSNETFIL.CPP
0x0047BCA0,11,adjust_and_map_global_state_file_backed_eff_callback_failure,ENGINE/NET/VSNETFIL.CPP
0x0047BCB0,8,adjust_and_delete_timed_file_backed_eff_channel_wrapper,ENGINE/NET/VSNETFIL.CPP
0x0047BCC0,78,delete_timed_file_backed_eff_channel_wrapper,ENGINE/NET/VSNETFIL.CPP
0x0047BD10,11,adjust_and_clear_timed_file_backed_eff_channel_async_status,ENGINE/NET/VSNETFIL.CPP
0x0047BD20,8,adjust_and_clear_pending_write_state_thunk,ENGINE/NET/VSNETFIL.CPP
0x0047BD30,23,vs_net_timed_file_backed_eff_channel_clear_pending_write,ENGINE/NET/VSNETFIL.CPP
0x0047BD50,11,adjust_and_delete_timed_file_backed_eff_channel_wrapper30,ENGINE/NET/VSNETFIL.CPP
0x0047BD60,8,invoke_adjusted_timed_eff_stream_service_callback_thunk,ENGINE/NET/VSNETFIL.CPP
0x0047BD70,8,append_adjusted_file_backed_eff_record_slot_thunk,ENGINE/NET/VSNETFIL.CPP
0x0047BD80,11,adjust_and_map_nested_eff_callback_failure_from_b8,ENGINE/NET/VSNETFIL.CPP
0x0047BD90,8,adjust_and_delete_dual_file_backed_eff_channel_wrapper,ENGINE/NET/VSNETFIL.CPP
0x0047BDA0,73,vs_net_dual_file_backed_eff_channel_scalar_deleting_destructor,ENGINE/NET/VSNETFIL.CPP
0x0047BDF0,11,adjust_and_clear_nested_eff_channel_async_status_from_b8,ENGINE/NET/VSNETFIL.CPP
0x0047BE00,8,thunk_clear_dual_file_pending_write,ENGINE/NET/VSNETFIL.CPP
0x0047BE10,3,vs_net_dual_file_backed_eff_channel_clear_pending_write,ENGINE/NET/VSNETFIL.CPP
0x0047BE20,8,vs_net_dual_file_backed_eff_channel_vector_deleting_destructor,ENGINE/NET/VSNETFIL.CPP
0x0047BE30,11,adjust_and_map_embedded_file_backed_eff_callback_failure,ENGINE/NET/VSNETFIL.CPP
0x0047BE40,8,delete_embedded_file_channel_adjusted,ENGINE/NET/VSNETFIL.CPP
0x0047BE50,95,delete_embedded_file_backed_eff_channel_stack_wrapper,ENGINE/NET/VSNETFIL.CPP
0x0047BEB0,8,clear_embedded_file_transport_pending_write_adjusted,ENGINE/NET/VSNETFIL.CPP
0x0047BEC0,11,delete_embedded_timed_file_channel_adjusted,ENGINE/NET/VSNETFIL.CPP
0x0047BED0,8,adjust_and_write_embedded_timed_eff_stream_with_global_session,ENGINE/NET/VSNETFIL.CPP
0x0047BEE0,8,adjust_and_claim_embedded_timed_eff_transport_record_payload,ENGINE/NET/VSNETFIL.CPP
0x0047BEF0,8,append_adjusted_embedded_file_backed_eff_record_slot,ENGINE/NET/VSNETFIL.CPP
0x0047BF00,14,delete_embedded_file_channel_vector,ENGINE/NET/VSNETFIL.CPP
0x0047BF10,11,adjust_and_write_embedded_dual_eff_stream_with_global_session,ENGINE/NET/VSNETFIL.CPP
0x0047BF20,11,adjust_and_claim_embedded_dual_eff_transport_record_payload,ENGINE/NET/VSNETFIL.CPP
0x0047BF30,8,delete_dual_file_transport_adjusted,ENGINE/NET/VSNETFIL.CPP
0x0047BF40,100,delete_dual_slot_table_file_backed_eff_composite_wrapper,ENGINE/NET/VSNETFIL.CPP
0x0047BFB0,8,complete_dual_transport_pending_write_adjusted,ENGINE/NET/VSNETFIL.CPP
0x0047BFC0,16,clear_dual_file_transport_pending_write,ENGINE/NET/VSNETFIL.CPP
0x0047BFD0,11,delete_timed_dual_file_transport_adjusted,ENGINE/NET/VSNETFIL.CPP
0x0047BFE0,8,dispatch_adjusted_acked_eff_transport_payload_event,ENGINE/NET/VSNETFIL.CPP
0x0047BFF0,8,dispatch_adjusted_acked_eff_transport_payload_event,ENGINE/NET/VSNETFIL.CPP
0x0047C000,14,delete_dual_file_transport_vector,ENGINE/NET/VSNETFIL.CPP
0x0047C010,8,queue_adjusted_eff_transport_connect_event,ENGINE/NET/VSNETFIL.CPP
0x0047C020,11,dispatch_adjusted_acked_eff_transport_payload_event,ENGINE/NET/VSNETFIL.CPP
0x0047C030,8,vs_net_composite_eff_transport_stack_dual_stream_ret8,ENGINE/NET/VSNETFIL.CPP
0x0047C040,8,adjust_and_write_dual_slot_table_file_backed_eff_header,ENGINE/NET/VSNETFIL.CPP
0x0047C050,236,construct_invisible_message_window,ENGINE/GDI/WINDOW/INVISWIN.CPP
0x0047C140,17,destroy_invisible_message_window,ENGINE/GDI/WINDOW/INVISWIN.CPP
0x0047C160,162,invisible_message_window_wnd_proc,ENGINE/GDI/WINDOW/INVISWIN.CPP
0x0047C210,20,byteswap_u16,ENGINE/MEDIA/VSSOUND.CPP
0x0047C230,48,byteswap_u32,ENGINE/MEDIA/VSSOUND.CPP
0x0047C260,1468,construct_waveout_effect_patch_buffer,ENGINE/MEDIA/VSSOUND.CPP
0x0047C820,84,destroy_waveout_effect_patch_buffer,ENGINE/MEDIA/VSSOUND.CPP
0x0047C880,533,construct_waveout_effect_backend,ENGINE/MEDIA/VSSOUND.CPP
0x0047CAA0,68,destroy_waveout_effect_backend,ENGINE/MEDIA/VSSOUND.CPP
0x0047CAF0,16,get_waveout_effect_backend_description,ENGINE/MEDIA/VSSOUND.CPP
0x0047CB00,220,initialize_waveout_effect_device,ENGINE/MEDIA/VSSOUND.CPP
0x0047CBE0,8,is_waveout_effect_backend_available,ENGINE/MEDIA/VSSOUND.CPP
0x0047CBF0,3,return_false_wave_out_effect_slot11,ENGINE/MEDIA/VSSOUND.CPP
0x0047CC00,6,return_true_wave_out_effect_slot12,ENGINE/MEDIA/VSSOUND.CPP
0x0047CC10,4,get_wave_out_effect_backend_status_0047_cc10,ENGINE/MEDIA/VSSOUND.CPP
0x0047CC20,425,reset_and_close_waveout_effect_device,ENGINE/MEDIA/VSSOUND.CPP
0x0047CDD0,26,is_wave_out_effect_instance_available_0047_cdd0,ENGINE/MEDIA/VSSOUND.CPP
0x0047CDF0,6,return_one_wave_out_backend_value_0047_cdf0,ENGINE/MEDIA/VSSOUND.CPP
0x0047CE00,207,stop_wave_out_playback,ENGINE/MEDIA/VSSOUND.CPP
0x0047CED0,4,get_wave_out_effect_context,ENGINE/MEDIA/VSSOUND.CPP
0x0047CEE0,4,get_wave_out_effect_availability,ENGINE/MEDIA/VSSOUND.CPP
0x0047CEF0,5,return_false_wave_out_effect_slot13,ENGINE/MEDIA/VSSOUND.CPP
0x0047CF00,5,return_false_wave_out_effect_slot14,ENGINE/MEDIA/VSSOUND.CPP
0x0047CF10,204,create_waveout_effect_instance,ENGINE/MEDIA/VSSOUND.CPP
0x0047CFE0,5,return_false_wave_out_effect_slot16,ENGINE/MEDIA/VSSOUND.CPP
0x0047CFF0,5,return_false_wave_out_effect_slot17,ENGINE/MEDIA/VSSOUND.CPP
0x0047D000,3,return_false_wave_out_effect_slot19,ENGINE/MEDIA/VSSOUND.CPP
0x0047D010,103,free_waveout_effect_instance,ENGINE/MEDIA/VSSOUND.CPP
0x0047D080,98,release_all_wave_out_effect_instances,ENGINE/MEDIA/VSSOUND.CPP
0x0047D0F0,3,return_invalid_wave_out_effect_slot21,ENGINE/MEDIA/VSSOUND.CPP
0x0047D100,3,no_op_wave_out_effect_slot22,ENGINE/MEDIA/VSSOUND.CPP
0x0047D110,3,return_invalid_wave_out_effect_slot23,ENGINE/MEDIA/VSSOUND.CPP
0x0047D120,3,no_op_wave_out_effect_slot24,ENGINE/MEDIA/VSSOUND.CPP
0x0047D130,3,return_invalid_wave_out_effect_slot25,ENGINE/MEDIA/VSSOUND.CPP
0x0047D140,3,no_op_wave_out_effect_slot26,ENGINE/MEDIA/VSSOUND.CPP
0x0047D150,5,return_false_wave_out_effect_slot27,ENGINE/MEDIA/VSSOUND.CPP
0x0047D160,32,play_waveout_effect_instance,ENGINE/MEDIA/VSSOUND.CPP
0x0047D220,26,dispatch_wave_out_effect_volume,ENGINE/MEDIA/VSSOUND.CPP
0x0047D240,18,reset_wave_out_playback,ENGINE/MEDIA/VSSOUND.CPP
0x0047D260,3,capture_wave_out_backend_context_0047_d260,ENGINE/MEDIA/VSSOUND.CPP
0x0047D270,30,delete_waveout_effect_backend,ENGINE/MEDIA/VSSOUND.CPP
0x0047D290,121,lookup_directsound_error_string,ENGINE/MEDIA/VSSOUND.CPP
0x0047D310,971,construct_directsound_effect_buffer_pool,ENGINE/MEDIA/VSSOUND.CPP
0x0047D6E0,55,destroy_directsound_effect_buffer_pool,ENGINE/MEDIA/VSSOUND.CPP
0x0047D720,145,find_available_directsound_effect_buffer_slot,ENGINE/MEDIA/VSSOUND.CPP
0x0047D830,142,is_any_directsound_effect_buffer_playing,ENGINE/MEDIA/VSSOUND.CPP
0x0047D8C0,116,play_directsound_effect_buffer_pool,ENGINE/MEDIA/VSSOUND.CPP
0x0047D940,129,restart_directsound_effect_instance_with_volume,ENGINE/MEDIA/VSSOUND.CPP
0x0047D9D0,73,pause_directsound_effect_buffer_slot,ENGINE/MEDIA/VSSOUND.CPP
0x0047DA20,85,play_directsound_effect_buffer_slot,ENGINE/MEDIA/VSSOUND.CPP
0x0047DA80,73,stop_directsound_effect_instance,ENGINE/MEDIA/VSSOUND.CPP
0x0047DAD0,97,stop_all_directsound_effect_instances,ENGINE/MEDIA/VSSOUND.CPP
0x0047DB40,96,get_directsound_effect_buffer_slot_volume,ENGINE/MEDIA/VSSOUND.CPP
0x0047DBA0,88,set_directsound_effect_buffer_slot_volume,ENGINE/MEDIA/VSSOUND.CPP
0x0047DC00,96,get_directsound_effect_buffer_slot_pan,ENGINE/MEDIA/VSSOUND.CPP
0x0047DC60,88,set_directsound_effect_buffer_slot_pan,ENGINE/MEDIA/VSSOUND.CPP
0x0047DCC0,96,get_directsound_effect_instance_frequency,ENGINE/MEDIA/VSSOUND.CPP
0x0047DD20,88,set_direct_sound_effect_buffer_slot_frequency,ENGINE/MEDIA/VSSOUND.CPP
0x0047DD80,573,construct_directsound_effect_backend,ENGINE/MEDIA/VSSOUND.CPP
0x0047DFC0,51,destroy_directsound_effect_backend,ENGINE/MEDIA/VSSOUND.CPP
0x0047E000,17,get_directsound_effect_backend_description,ENGINE/MEDIA/VSSOUND.CPP
0x0047E020,801,initialize_directsound_effect_device,ENGINE/MEDIA/VSSOUND.CPP
0x0047E350,8,accept_direct_sound_backend_resources,ENGINE/MEDIA/VSSOUND.CPP
0x0047E360,3,return_direct_sound_backend_unavailable,ENGINE/MEDIA/VSSOUND.CPP
0x0047E370,4,get_direct_sound_backend_buffer_count,ENGINE/MEDIA/VSSOUND.CPP
0x0047E380,4,get_direct_sound_effect_availability,ENGINE/MEDIA/VSSOUND.CPP
0x0047E390,180,release_direct_sound_effect_device,ENGINE/MEDIA/VSSOUND.CPP
0x0047E450,63,is_any_direct_sound_effect_instance_playing,ENGINE/MEDIA/VSSOUND.CPP
0x0047E490,6,return_true_direct_sound_effect_slot07,ENGINE/MEDIA/VSSOUND.CPP
0x0047E4A0,53,stop_all_direct_sound_effect_instances,ENGINE/MEDIA/VSSOUND.CPP
0x0047E4E0,4,get_direct_sound_backend_context,ENGINE/MEDIA/VSSOUND.CPP
0x0047E4F0,4,get_direct_sound_backend_availability,ENGINE/MEDIA/VSSOUND.CPP
0x0047E500,5,return_false_direct_sound_effect_slot13,ENGINE/MEDIA/VSSOUND.CPP
0x0047E510,5,return_false_direct_sound_effect_slot14,ENGINE/MEDIA/VSSOUND.CPP
0x0047E520,134,create_directsound_effect_instance,ENGINE/MEDIA/VSSOUND.CPP
0x0047E5B0,5,return_false_direct_sound_effect_slot16,ENGINE/MEDIA/VSSOUND.CPP
0x0047E5C0,5,return_false_direct_sound_effect_slot17,ENGINE/MEDIA/VSSOUND.CPP
0x0047E5D0,3,return_false_direct_sound_effect_slot19,ENGINE/MEDIA/VSSOUND.CPP
0x0047E5E0,64,free_directsound_effect_instance,ENGINE/MEDIA/VSSOUND.CPP
0x0047E620,76,release_all_directsound_effect_instances,ENGINE/MEDIA/VSSOUND.CPP
0x0047E670,3,return_invalid_direct_sound_effect_slot21,ENGINE/MEDIA/VSSOUND.CPP
0x0047E680,3,no_op_direct_sound_effect_slot22,ENGINE/MEDIA/VSSOUND.CPP
0x0047E690,3,return_invalid_direct_sound_effect_slot23,ENGINE/MEDIA/VSSOUND.CPP
0x0047E6A0,3,no_op_direct_sound_effect_slot24,ENGINE/MEDIA/VSSOUND.CPP
0x0047E6B0,3,return_invalid_direct_sound_effect_slot25,ENGINE/MEDIA/VSSOUND.CPP
0x0047E6C0,3,no_op_direct_sound_effect_slot26,ENGINE/MEDIA/VSSOUND.CPP
0x0047E6D0,43,get_directsound_effect_instance_volume,ENGINE/MEDIA/VSSOUND.CPP
0x0047E700,60,set_directsound_effect_instance_volume,ENGINE/MEDIA/VSSOUND.CPP
0x0047E740,23,get_directsound_effect_instance_pan,ENGINE/MEDIA/VSSOUND.CPP
0x0047E760,28,set_directsound_effect_instance_pan,ENGINE/MEDIA/VSSOUND.CPP
0x0047E7C0,23,play_direct_sound_effect_instance_looped,ENGINE/MEDIA/VSSOUND.CPP
0x0047E7E0,60,play_directsound_effect_instance_with_mapped_volume,ENGINE/MEDIA/VSSOUND.CPP
0x0047E820,23,pause_directsound_effect_instance,ENGINE/MEDIA/VSSOUND.CPP
0x0047E840,23,play_directsound_effect_instance,ENGINE/MEDIA/VSSOUND.CPP
0x0047E860,5,return_false_direct_sound_effect_slot37,ENGINE/MEDIA/VSSOUND.CPP
0x0047E8B0,13,capture_direct_sound_backend_window,ENGINE/MEDIA/VSSOUND.CPP
0x0047E8C0,20,create_direct_sound_effect_instance_with_default_flags,ENGINE/MEDIA/VSSOUND.CPP
0x0047E8E0,30,delete_directsound_effect_backend,ENGINE/MEDIA/VSSOUND.CPP
0x0047E900,63,mci_music_window_proc,ENGINE/MEDIA/VSSOUND.CPP
0x0047E940,369,construct_mci_music_backend,ENGINE/MEDIA/VSSOUND.CPP
0x0047EAC0,14,destroy_audio_dynamic_string_entry,ENGINE/MEDIA/VSSOUND.CPP
0x0047EAD0,916,prepare_mci_music_track,ENGINE/MEDIA/VSSOUND.CPP
0x0047EE70,112,free_prepared_mci_music_track,ENGINE/MEDIA/VSSOUND.CPP
0x0047EEE0,342,play_prepared_mci_music_track,ENGINE/MEDIA/VSSOUND.CPP
0x0047F040,216,stop_mci_music_track,ENGINE/MEDIA/VSSOUND.CPP
0x0047F120,304,pause_mci_music_track,ENGINE/MEDIA/VSSOUND.CPP
0x0047F250,319,resume_mci_music_track,ENGINE/MEDIA/VSSOUND.CPP
0x0047F390,4,get_mci_music_backend_availability,ENGINE/MEDIA/VSSOUND.CPP
0x0047F3A0,361,get_mci_music_backend_description,ENGINE/MEDIA/VSSOUND.CPP
0x0047F510,3,initialize_audio_dynamic_string_entry,ENGINE/MEDIA/VSSOUND.CPP
0x0047F520,10,set_audio_dynamic_string_entry_flag,ENGINE/MEDIA/VSSOUND.CPP
0x0047F530,4,get_audio_dynamic_string_entry_flag,ENGINE/MEDIA/VSSOUND.CPP
0x0047F540,1,noop_audio_dynamic_string_slot_10,ENGINE/MEDIA/VSSOUND.CPP
0x0047F550,3,return_null_audio_dynamic_string_entry_name,ENGINE/MEDIA/VSSOUND.CPP
0x0047F560,39,delete_audio_dynamic_string_entry_base,ENGINE/MEDIA/VSSOUND.CPP
0x0047F590,30,delete_audio_dynamic_string_entry,ENGINE/MEDIA/VSSOUND.CPP
0x0047F5B0,141,open_win32_file_wrapper,ENGINE/NET/VSNETFIL.CPP
0x0047F640,26,open_win32_file_wrapper_create_new,ENGINE/NET/VSNETFIL.CPP
0x0047F660,11,free_win32_file_wrapper_owned_path,ENGINE/NET/VSNETFIL.CPP
0x0047F670,14,delete_win32_file_wrapper_path,ENGINE/NET/VSNETFIL.CPP
0x0047F680,62,probe_win32_file_wrapper_access,ENGINE/NET/VSNETFIL.CPP
0x0047F6C0,185,write_win32_file_wrapper,ENGINE/NET/VSNETFIL.CPP
0x0047F780,260,read_win32_file_wrapper,ENGINE/NET/VSNETFIL.CPP
0x0047F890,32,seek_win32_file_wrapper,ENGINE/NET/VSNETFIL.CPP
0x0047F8B0,4,get_win32_file_wrapper_offset,ENGINE/NET/VSNETFIL.CPP
0x0047F8C0,37,close_win32_file_wrapper_if_open,ENGINE/NET/VSNETFIL.CPP
0x0047F8F0,13,get_win32_file_wrapper_length,ENGINE/NET/VSNETFIL.CPP
0x0047F900,27,lock_win32_file_range,ENGINE/NET/VSNETFIL.CPP
0x0047F920,27,unlock_win32_file_range,ENGINE/NET/VSNETFIL.CPP
0x0047F940,9,construct_audio_effect_backend_base,ENGINE/MEDIA/VSSOUND.CPP
0x0047F950,7,restore_audio_effect_backend_base_vtable,ENGINE/MEDIA/VSSOUND.CPP
0x0047F980,3,return_invalid_audio_effect_byte21,ENGINE/MEDIA/VSSOUND.CPP
0x0047F990,3,no_op_audio_effect_slot22,ENGINE/MEDIA/VSSOUND.CPP
0x0047F9A0,3,return_invalid_audio_effect_byte23,ENGINE/MEDIA/VSSOUND.CPP
0x0047F9B0,3,no_op_audio_effect_slot24,ENGINE/MEDIA/VSSOUND.CPP
0x0047F9C0,3,return_invalid_audio_effect_byte25,ENGINE/MEDIA/VSSOUND.CPP
0x0047F9D0,3,no_op_audio_effect_slot26,ENGINE/MEDIA/VSSOUND.CPP
0x0047F9E0,5,return_false_audio_effect_slot27,ENGINE/MEDIA/VSSOUND.CPP
0x0047F9F0,3,no_op_audio_effect_slot28,ENGINE/MEDIA/VSSOUND.CPP
0x0047FA00,3,no_op_audio_effect_slot29,ENGINE/MEDIA/VSSOUND.CPP
0x0047FA10,3,no_op_audio_effect_slot30,ENGINE/MEDIA/VSSOUND.CPP
0x0047FA20,5,return_false_audio_effect_slot31,ENGINE/MEDIA/VSSOUND.CPP
0x0047FA30,3,no_op_audio_effect_slot32,ENGINE/MEDIA/VSSOUND.CPP
0x0047FA40,3,no_op_audio_effect_slot33,ENGINE/MEDIA/VSSOUND.CPP
0x0047FA50,3,no_op_audio_effect_slot34,ENGINE/MEDIA/VSSOUND.CPP
0x0047FA60,5,return_false_audio_effect_slot36,ENGINE/MEDIA/VSSOUND.CPP
0x0047FA70,5,return_false_audio_effect_slot35,ENGINE/MEDIA/VSSOUND.CPP
0x0047FA80,8,return_true_audio_effect_slot37,ENGINE/MEDIA/VSSOUND.CPP
0x0047FA90,30,delete_audio_effect_backend_base,ENGINE/MEDIA/VSSOUND.CPP