# CRT, runtime, and external library functions.
address,name,symbol,type,source
0x00462E80,timeGetTime,timeGetTime,library,external import thunk
0x00462E90,timeGetTime,timeGetTime,library,external import thunk
0x0047B8D0,WSAGetLastError,_WSAGetLastError@0,library,external/runtime library
0x0047FAC0,_toupper,_toupper,library,legacy snapshot + decompiler review
0x0047FB10,__toupper_lk,__toupper_lk,library,Ghidra FID + decompiler review
0x0047FC00,__isctype,__isctype,library,Ghidra FID + decompiler review
0x0047FCA0,__purecall,_purecall,library,external/runtime library
0x0047FDA0,_strrchr,_strrchr,library,Ghidra FID + decompiler review
0x0047FDD0,_strncpy,_strncpy,library,legacy snapshot + decompiler review
0x0047FE00,_strchr,_strchr,library,external/runtime library
0x0047FE20,_WinMainCRTStartup,_WinMainCRTStartup,library,external/runtime library
0x0047FFC0,__amsg_exit,__amsg_exit,library,Ghidra FID + decompiler review
0x0047FFF0,_free,_free,library,legacy snapshot + decompiler review
0x00480010,_strncmp,_strncmp,library,external/runtime library
0x00480060,_tolower,_tolower,library,legacy snapshot + decompiler review
0x004800B0,__tolower_lk,__tolower_lk,library,Ghidra FID + decompiler review
0x00480198,__setjmp3,__setjmp3,library,external/runtime library
0x00480214,_longjmp,_longjmp,library,external/runtime library
0x00480290,_memcpy,_memcpy,library,external/runtime library
0x004803E0,__fsopen,__fsopen,library,Ghidra FID + decompiler review
0x00480420,_fopen,_fopen,library,external/runtime library
0x00480440,_fclose,_fclose,library,external/runtime library
0x00480480,__fclose_lk,__fclose_lk,library,Ghidra FID + decompiler review
0x004804E0,_fread,_fread,library,external/runtime library
0x00480520,__fread_lk,__fread_lk,library,Ghidra FID + decompiler review
0x00480670,_fflush,_fflush,library,external/runtime library
0x004806B0,__fflush_lk,__fflush_lk,library,Ghidra FID + decompiler review
0x004806F0,__flush,__flush,library,Ghidra FID + decompiler review
0x00480770,_flsall,_flsall,library,legacy snapshot + decompiler review
0x00480830,_fwrite,_fwrite,library,external/runtime library
0x00480870,__fwrite_lk,__fwrite_lk,library,Ghidra FID + decompiler review
0x004809F0,_ftell,_ftell,library,external/runtime library
0x00480A20,__ftell_lk,__ftell_lk,library,legacy snapshot + decompiler review
0x00480BD0,_fseek,_fseek,library,external/runtime library
0x00480C10,__fseek_lk,__fseek_lk,library,Ghidra FID + decompiler review
0x00480CB0,_atol,_atol,library,Ghidra FID + decompiler review
0x00480D60,_atoi,_atoi,library,Ghidra FID + decompiler review
0x00480D70,_malloc,_malloc,library,external/runtime library
0x00480D90,_nh_malloc,_nh_malloc,library,legacy snapshot + decompiler review
0x00480DD0,_heap_alloc,_heap_alloc,library,legacy snapshot + decompiler review
0x00480DF0,__mtinitlocks,__mtinitlocks,library,Ghidra FID + decompiler review
0x00480E20,__mtdeletelocks,__mtdeletelocks,library,Ghidra FID + decompiler review
0x00480E90,__lock,__lock,library,Ghidra FID + decompiler review
0x00480F00,__unlock,__unlock,library,legacy snapshot + decompiler review
0x00480F20,__lock_file,__lock_file,library,Ghidra FID + decompiler review
0x00480F60,__lock_file2,__lock_file2,library,Ghidra FID + decompiler review
0x00480F90,__unlock_file,__unlock_file,library,Ghidra FID + decompiler review
0x00480FD0,__unlock_file2,__unlock_file2,library,Ghidra FID + decompiler review
0x00481270,___crtLCMapStringA,___crtLCMapStringA,library,Ghidra FID + decompiler review
0x004814A0,_strnlen,_strnlen,library,legacy snapshot + decompiler review
0x004814D0,___crtGetStringTypeW,___crtGetStringTypeW,library,Ghidra FID + decompiler review
0x00481690,___crtGetStringTypeA,___crtGetStringTypeA,library,Ghidra FID + decompiler review
0x004817C0,__cinit,__cinit,library,Ghidra FID + decompiler review
0x004817F0,_exit,_exit,library,legacy snapshot + decompiler review
0x00481810,__exit,__exit,library,Ghidra FID + decompiler review
0x00481850,_doexit,_doexit,library,legacy snapshot + decompiler review
0x004818E0,_lockexit,_lockexit,library,legacy snapshot + decompiler review
0x004818F0,_unlockexit,_unlockexit,library,legacy snapshot + decompiler review
0x00481900,__initterm,__initterm,library,Ghidra FID + decompiler review
0x004819A8,__global_unwind2,__global_unwind2,library,Ghidra FID + decompiler review
0x004819EA,__local_unwind2,__local_unwind2,library,Ghidra FID + decompiler review
0x00481A7E,__NLG_Notify,__NLG_Notify,library,legacy snapshot + decompiler review
0x00481AA0,__XcptFilter,__XcptFilter,library,Ghidra FID + decompiler review
0x00481BF0,xcptlookup,xcptlookup,library,Ghidra FID + decompiler review
0x00481D20,__ismbblead,__ismbblead,library,Ghidra FID + decompiler review
0x00481D90,x_ismbbtype,x_ismbbtype,library,Ghidra FID + decompiler review
0x00481DD0,__setenvp,__setenvp,library,legacy snapshot + decompiler review
0x00481EB0,__setargv,__setargv,library,Ghidra FID + decompiler review
0x00481F50,parse_cmdline,parse_cmdline,library,Ghidra FID + decompiler review
0x00482130,___crtGetEnvironmentStringsW,___crtGetEnvironmentStringsW,library,Ghidra FID + decompiler review
0x00482330,___crtGetEnvironmentStringsA,___crtGetEnvironmentStringsA,library,legacy snapshot + decompiler review
0x004824D0,__setmbcp,__setmbcp,library,legacy snapshot + decompiler review
0x00482700,getSystemCP,getSystemCP,library,Ghidra FID + decompiler review
0x00482750,_CPtoLCID,_CPtoLCID,library,Ghidra FID + decompiler review
0x004827B0,setSBCS,setSBCS,library,Ghidra FID + decompiler review
0x004827F0,__initmbctable,__initmbctable,library,legacy snapshot + decompiler review
0x00482800,__ioinit,__ioinit,library,legacy snapshot + decompiler review
0x004829E0,__ioterm,__ioterm,library,Ghidra FID + decompiler review
0x00482A40,__mtinit,__mtinit,library,Ghidra FID + decompiler review
0x00482AD0,__initptd,__initptd,library,Ghidra FID + decompiler review
0x00482AF0,__getptd,__getptd,library,Ghidra FID + decompiler review
0x00482C30,__heap_init,__heap_init,library,legacy snapshot + decompiler review
0x00482D25,local_unwind_adapter,,library,legacy snapshot + decompiler review
0x00482D40,__FF_MSGBANNER,__FF_MSGBANNER,library,Ghidra FID + decompiler review
0x00482D80,__NMSG_WRITE,__NMSG_WRITE,library,legacy snapshot + decompiler review
0x00482FB0,__rt_probe_read4@4,__rt_probe_read4@4,library,Ghidra FID + decompiler review
0x00483030,__openfile,__openfile,library,Ghidra FID + decompiler review
0x00483240,__getstream,__getstream,library,Ghidra FID + decompiler review
0x00483330,__close,__close,library,Ghidra FID + decompiler review
0x004833A0,__close_lk,__close_lk,library,Ghidra FID + decompiler review
0x00483430,__freebuf,__freebuf,library,Ghidra FID + decompiler review
0x00483470,__filbuf,__filbuf,library,Ghidra FID + decompiler review
0x00483570,__read,__read,library,Ghidra FID + decompiler review
0x004835F0,__read_lk,__read_lk,library,legacy snapshot + decompiler review
0x00483820,__commit,__commit,library,legacy snapshot + decompiler review
0x004838D0,__write,__write,library,Ghidra FID + decompiler review
0x00483950,__write_lk,__write_lk,library,Ghidra FID + decompiler review
0x00483C40,__flsbuf,__flsbuf,library,legacy snapshot + decompiler review
0x00483D90,__lseek,__lseek,library,Ghidra FID + decompiler review
0x00483E10,__lseek_lk,__lseek_lk,library,Ghidra FID + decompiler review
0x00483EA0,__dosmaperr,__dosmaperr,library,Ghidra FID + decompiler review
0x00483F20,__errno,__errno,library,legacy snapshot + decompiler review
0x00483F30,___doserrno,___doserrno,library,legacy snapshot + decompiler review
0x00483FB0,__callnewh,__callnewh,library,Ghidra FID + decompiler review
0x00483FF0,_calloc,_calloc,library,legacy snapshot + decompiler review
0x00484050,_wcslen,_wcslen,library,legacy snapshot + decompiler review
0x00484070,___crtMessageBoxA,___crtMessageBoxA,library,Ghidra FID + decompiler review
0x00484130,__sopen,__sopen,library,legacy snapshot + decompiler review
0x00484590,__alloc_osfhnd,__alloc_osfhnd,library,legacy snapshot + decompiler review
0x004846E0,__set_osfhnd,__set_osfhnd,library,Ghidra FID + decompiler review
0x00484790,__free_osfhnd,__free_osfhnd,library,Ghidra FID + decompiler review
0x00484830,__get_osfhandle,__get_osfhandle,library,legacy snapshot + decompiler review
0x00484940,__lock_fhandle,__lock_fhandle,library,Ghidra FID + decompiler review
0x004849B0,__unlock_fhandle,__unlock_fhandle,library,Ghidra FID + decompiler review
0x004849E0,__getbuf,__getbuf,library,Ghidra FID + decompiler review
0x00484A30,__fcloseall,__fcloseall,library,legacy snapshot + decompiler review
0x00484AD0,__isatty,__isatty,library,legacy snapshot + decompiler review
0x004850C0,__chsize_lk,__chsize_lk,library,Ghidra FID + decompiler review
0x00485340,_signal,_signal,library,Ghidra FID + decompiler review
0x004855B0,_raise,_raise,library,Ghidra FID + decompiler review
0x00485790,siglookup,siglookup,library,Ghidra FID + decompiler review
0x004857F0,_strncat,_strncat,library,legacy snapshot + decompiler review
0x00485990,__setmode,__setmode,library,legacy snapshot + decompiler review
0x00485A00,__chkstk,__chkstk,library,legacy snapshot + decompiler review
0x004864F0,putc_counted,,library,legacy snapshot + decompiler review
0x00486540,repeat_char,,library,legacy snapshot + decompiler review
0x00486580,write_chars,,library,legacy snapshot + decompiler review
0x004865C0,next_u32_arg,,library,legacy snapshot + decompiler review
0x004865D0,next_u64_arg,,library,legacy snapshot + decompiler review
0x004865F0,next_u16_arg,,library,legacy snapshot + decompiler review
0x00486600,_wctomb,_wctomb,library,legacy snapshot + decompiler review
0x00486630,__wctomb_lk,__wctomb_lk,library,legacy snapshot + decompiler review
0x004866D0,__aulldiv,__aulldiv,library,legacy snapshot + decompiler review
0x00486740,__aullrem,__aullrem,library,legacy snapshot + decompiler review
0x004867C0,__fptrap,__fptrap,library,legacy snapshot + decompiler review
0x0048690A,RtlUnwind,RtlUnwind,library,external import thunk
0x00486C16,VerQueryValueA,VerQueryValueA,library,external import thunk
0x00486C1C,GetFileVersionInfoA,GetFileVersionInfoA,library,external import thunk
0x00486C22,GetFileVersionInfoSizeA,GetFileVersionInfoSizeA,library,external import thunk
0x00486C28,MCIWndCreateA,MCIWndCreateA,library,external import thunk
0x00486C2E,inet_ntoa,inet_ntoa,library,external import thunk
0x00486C34,WSAGetLastError,WSAGetLastError,library,external import thunk
0x00486C3A,recvfrom,recvfrom,library,external import thunk
0x00486C40,recv,recv,library,external import thunk
0x00486C46,sendto,sendto,library,external import thunk
0x00486C4C,WSAAsyncGetHostByName,WSAAsyncGetHostByName,library,external import thunk
0x00486C52,WSACancelAsyncRequest,WSACancelAsyncRequest,library,external import thunk
0x00486C58,inet_addr,inet_addr,library,external import thunk
0x00486C5E,gethostname,gethostname,library,external import thunk
0x00486C64,WSAAsyncGetServByName,WSAAsyncGetServByName,library,external import thunk
0x00486C6A,socket,socket,library,external import thunk
0x00486C70,WSAAsyncSelect,WSAAsyncSelect,library,external import thunk
0x00486C76,bind,bind,library,external import thunk
0x00486C7C,htons,htons,library,external import thunk
0x00486C82,setsockopt,setsockopt,library,external import thunk
0x00486C88,ntohs,ntohs,library,external import thunk
0x00486C8E,ioctlsocket,ioctlsocket,library,external import thunk
0x00486C94,WSAStartup,WSAStartup,library,external import thunk
0x00486C9A,WSACleanup,WSACleanup,library,external import thunk
0x00486CA0,closesocket,closesocket,library,external import thunk
