address,name,signature
0x004010dc,Thunk of C2D::NoOp1,
0x00401235,Thunk of CPaintGunManager::ReturnZero2,
0x0040194c,Thunk of CGunController::NoOp,
0x004019d8,Thunk of CCDLoadAnim::NoOp1,
0x00401b22,Thunk of CPaintGun::ReturnZero2,
0x00401b54,Thunk of CPaintGunManager::ReturnZero1,
0x00401b81,Thunk of CNode::ReturnOne,
0x00402112,Thunk of CMover::ReturnZero,
0x004025d6,Thunk of CIce::ReturnZero,
0x00402d83,Thunk of CCDLoadAnim::NoOp2,
0x00402f40,Thunk of C2D::NoOp2,
0x0040324c,Thunk of CLemmingAnimsManager::ForwardLoadAnimNoOp,
0x004032e2,Thunk of CPanel::NoOp,
0x004035cb,Thunk of CGameObject::ReturnZero,
0x00403715,Thunk of CHiliteController::NoOp,
0x00403742,Thunk of CPaintGun::ReturnZero1,
0x00407e40,,CVSOStream::~CVSOStream(?)
0x00407e80,,CDebugOStream::~CDebugOStream(?)
0x00408010,,CAbout::~CAbout(?)
0x00408040,,CPasswordProc::~CPasswordProc(?)
0x00408050,,CMainOptions2::~CMainOptions2(?)
0x00408060,,CMainOptions1::~CMainOptions1(?)
0x00408070,,CIntroAnim::~CIntroAnim(?)
0x004098b0,,CDemo::~CDemo(?)
0x00410b70,,CPlayerLemming::~CPlayerLemming(?)
0x00413e60,,CAI::~CAI(?)
0x00413e70,,CAI::~CAI(?)
0x00416730,CGameObject::ReturnZero,CGameObjectReturnZero()
0x00417b00,,"CVMovePos::SetEndpoints(CVector, CVector)"
0x004183d0,,CBullet::~CBullet(?)
0x00419970,,CPlayerLemmingGroupManager::GetViewData(CViewData*)
0x0041af10,,CBullet::~CBullet(?)
0x0041af50,,CBullet::~CBullet(?)
0x00421430,CNode::ReturnOne,CNodeReturnOne()
0x004215e0,,CNode::~CNode(?)
0x004267a0,,CVMovePos::operator=(const CVMovePos&)
0x0042bfc0,CPaintGun::ReturnZero1,"CPaintGunReturnZero1(unsigned int, unsigned int)"
0x0042bfd0,CPaintGun::ReturnZero2,"CPaintGunReturnZero2(unsigned int, unsigned int)"
0x0042c4c0,CPaintGunManager::ReturnZero1,"CPaintGunManagerReturnZero1(unsigned int, unsigned int)"
0x0042c580,CPaintGunManager::ReturnZero2,"CPaintGunManagerReturnZero2(unsigned int, unsigned int)"
0x0042d4c0,CIce::ReturnZero,"CIceReturnZero(unsigned int, unsigned int)"
0x0042eed0,CMover::ReturnZero,"CMoverReturnZero(unsigned int, unsigned int)"
0x00434f50,CLemmingAnimsManager::ForwardLoadAnimNoOp,CLemmingAnimsManager::ForwardLoadAnimNoOp()
0x00439490,,C2D::~C2D(?)
0x004395f0,,CSolidRect::~CSolidRect(?)
0x00439840,,C2D::~C2D(?)
0x00439850,,C2D::~C2D(?)
0x0043a450,,CInputTextButton::~CInputTextButton(?)
0x0043bcd0,C2D::NoOp1,C2DNoOp1()
0x0043ed10,C2D::NoOp2,C2DNoOp2()
0x00443350,CPanel::NoOp,CPanelNoOp()
0x00443950,,CPanelButton::~CPanelButton(?)
0x004439b0,,CAnim::~CAnim(?)
0x004439f0,,CPanel::~CPanel(?)
0x00443ab0,,CDepressedButton::~CDepressedButton(?)
0x00445350,,CPauseWindow::~CPauseWindow(?)
0x00445390,,CPauseWindow::~CPauseWindow(?)
0x004472e0,,CBaseFrontendProcess::~CBaseFrontendProcess(?)
0x004472f0,,CBaseFrontendDrawer::~CBaseFrontendDrawer(?)
0x004479d0,,CIntroAnimDrawer::~CIntroAnimDrawer(?)
0x00448aa0,,CMainOptions1Drawer::~CMainOptions1Drawer(?)
0x004491a0,,CMainOptions2Drawer::~CMainOptions2Drawer(?)
0x0044aa00,,CPreview::~CPreview(?)
0x0044aa10,,CPreviewDrawer::~CPreviewDrawer(?)
0x0044b330,CCDLoadAnim::NoOp1,CCDLoadAnimNoOp1()
0x0044b360,CCDLoadAnim::NoOp2,CCDLoadAnim::NoOp2()
0x0044c0d0,,CAboutScreen::~CAboutScreen(?)
0x0044c1d0,,CAboutScreen::~CAboutScreen(?)
0x0044ded0,CGunController::NoOp,CGunControllerNoOp()
0x0044fca0,CHiliteController::NoOp,CHiliteControllerNoOp()
0x004511f0,,CSuccFail::~CSuccFail(?)
0x00451200,,CSuccFailDrawer::~CSuccFailDrawer(?)
0x004523a0,,CPasswordDrawer::~CPasswordDrawer(?)
0x00452fd0,,CNetworkGameMessage::~CNetworkGameMessage(?)
0x00455e90,,CEntryHandler::~CEntryHandler(?)
0x00455ee0,,CNetworkOptionsDrawer::~CNetworkOptionsDrawer(?)
0x00455ef0,,CNetworkOptionsProc::~CNetworkOptionsProc(?)
0x00458210,,CGraphicsDriver::~CGraphicsDriver(?)
0x00458230,,CGdiDriver::~CGdiDriver(?)
0x00458260,,CGdiContext::~CGdiContext(?)
0x00458290,,CDrawingContext::~CDrawingContext(?)
0x004582f0,,CDibContext::~CDibContext(?)
0x00458310,,CGdiDibContext::~CGdiDibContext(?)
0x00458330,,CDisplayDibDriver::~CDisplayDibDriver(?)
0x00458360,,CDirectDrawDriver::~CDirectDrawDriver(?)
0x00458380,,CDirectDrawContext::~CDirectDrawContext(?)
0x004583a0,,CDirectDrawSurface::~CDirectDrawSurface(?)
0x004583c0,,CPlanarDibDriver::~CPlanarDibDriver(?)
0x0045a8d0,,CArena::~CArena(?)
0x0045a8e0,,CRAMArena::~CRAMArena(?)
0x0045a8f0,,CMBlock::~CMBlock(?)
0x0045a920,,CMSizedBlock::~CMSizedBlock(?)
0x0045e660,,CResBase::~CResBase(?)
0x0045e820,,CResRaster::~CResRaster(?)
0x0045e8c0,,CResZRLE::~CResZRLE(?)
0x0045e8d0,,CResFONT::~CResFONT(?)
0x0045e9a0,,CResINT::~CResINT(?)
0x0045e9d0,,CResBool::~CResBool(?)
0x0045ea10,,CResCol::~CResCol(?)
0x0045ea80,,CResMOVIE::~CResMOVIE(?)
0x0045eb30,,CResSTRING::~CResSTRING(?)
0x0045eb50,,CResImage::~CResImage(?)
0x0045ebe0,,CResPatch::~CResPatch(?)
0x0045ec10,,CResTune::~CResTune(?)
0x0045ec40,,CResPres::~CResPres(?)
0x004628e0,,CBaseCommonSocket::~CBaseCommonSocket(?)
0x00462940,,CReadSocket::~CReadSocket(?)
0x00462990,,CWriteSocket::~CWriteSocket(?)
0x00462a00,,CReadPacket::~CReadPacket(?)
0x00462a20,,CWritePacket::~CWritePacket(?)
0x00462a40,,CReadMSBuff::~CReadMSBuff(?)
0x00462a60,,CReadNCMSBuff::~CReadNCMSBuff(?)
0x00462a80,,CReadCMSBuff::~CReadCMSBuff(?)
0x00462ad0,,CBaseNetwork::~CBaseNetwork(?)
0x00462ba0,,CReadSocket::~CReadSocket(?)
0x00462bb0,,CBroadcast::~CBroadcast(?)
0x00462bc0,,CBroadcast::~CBroadcast(?)
0x00462c10,,CBroadcast::~CBroadcast(?)
0x00462c20,,CRWSocket::SendAcknowledgement()
0x00462c40,,CRWSocket::ReceiveAcknowledgement()
0x00462c60,,CBroadcast::~CBroadcast(?)
0x00462c70,,CRWSocket::SendAcknowledgement()
0x00462c80,,CRWSocket::ReceiveAcknowledgement()
0x00462cb0,,CRWSocket::~CRWSocket(?)
0x00462cf0,,CRWSocket::Closed(int)
0x00462d20,,CRWSocket::~CRWSocket(?)
0x00462d30,,CRWSocket::SendAcknowledgement()
0x00462d40,,CRWSocket::ReceiveAcknowledgement()
0x00462d50,,CRWSocket::~CRWSocket(?)
0x00462d60,,CRWSocket::SendAcknowledgement()
0x00462d70,,CRWSocket::ReceiveAcknowledgement()
0x00462d80,,CWriteSocket::~CWriteSocket(?)
0x00462da0,,CConnect::~CConnect(?)
0x00462db0,,CConnect::~CConnect(?)
0x00462e00,,CConnect::~CConnect(?)
0x00462e20,,CConnect::~CConnect(?)
0x004676f0,NoOpPop4,NoOpPop4(unsigned int)
0x004698f0,,CPushActive::~CPushActive(?)
0x00469900,,CFramedButton::~CFramedButton(?)
0x004699a0,,CResourceButton::~CResourceButton(?)
0x004699d0,,CTextButton::~CTextButton(?)
0x00469b60,,CZRLE::~CZRLE(?)
0x00469c00,,CStateTextButton::~CStateTextButton(?)
0x00469c30,,CMessageTextButton::~CMessageTextButton(?)
0x0046aa70,,CHotAreaList::~CHotAreaList(?)
0x0046dc90,,CPVBackBuffSurface::HasBackBuff()
0x0046dca0,,CPVZBuffSurface::HasZBuff()
0x0046dcb0,,CPVScrollableSurface::SetWorldWidth(int)
0x0046dcc0,,CPVScrollableSurface::GetWorldWidth()
0x00471b60,,CTCPIPCommonSocket::SocketError()
0x00471bf0,,CTCPIPWriteSocket::SetDestAddr(CNetworkAddress*)
0x00471c00,,"CTCPIPWriteSocket::SendPacket(const unsigned char*, int)"
0x00471c10,,CTCPIPWriteSocket::SetPort(short)
0x00471c60,,CTCPIPConnect::~CTCPIPConnect(?)
0x00471d90,,CTCPIPRWSocket::~CTCPIPRWSocket(?)
0x00471dc0,,CTCPIPCommonSocket::SysCloseSocket()
0x00471e20,,CTCPIPCommonSocket::SocketError()
0x00471e50,,CTCPIPReadSocket::~CTCPIPReadSocket(?)
0x00471e60,,CTCPIPCommonSocket::SysCloseSocket()
0x00471ec0,,CTCPIPCommonSocket::SocketError()
0x00472000,,CTCPIPBroadcast::~CTCPIPBroadcast(?)
0x00472010,,CTCPIPRWSocket::SendAcknowledgement()
0x00472020,,CTCPIPRWSocket::ReceiveAcknowledgement()
0x0047b860,,CHeaderMessage::~CHeaderMessage(?)
0x0047ba40,,CFileCommonSocket::SocketError()
0x0047baf0,,CFileWriteSocket::SetDestAddr(CNetworkAddress*)
0x0047bb10,,CFileOpenManagement::~CFileOpenManagement(?)
0x0047bbd0,,CFileCommonSocket::SocketError()
0x0047bc30,,CFileWriteSocket::SetDestAddr(CNetworkAddress*)
0x0047bc50,,CFileBroadcast::~CFileBroadcast(?)
0x0047bc80,,"CBroadcast::PostRead(NetworkEvents, CBasePacket*)"
0x0047bca0,,CFileCommonSocket::SysCloseSocket()
0x0047bd10,,CFileCommonSocket::SocketError()
0x0047bd60,,CFileWriteSocket::SetDestAddr(CNetworkAddress*)
0x0047bd80,,CFileCommonSocket::SysCloseSocket()
0x0047bdf0,,CFileCommonSocket::SocketError()
0x0047be20,,CFileReadSocket::~CFileReadSocket(?)
0x0047be30,,CFileCommonSocket::SysCloseSocket()
0x0047bf00,,CFileRWSocket::~CFileRWSocket(?)
0x0047c000,,CFileConnect::~CFileConnect(?)
0x0047c010,,CConnect::FirstReceive()
0x0047c030,,"CConnect::PostRead(NetworkEvents, CBasePacket*)"
0x0047d270,,CWaveSoundDevice::~CWaveSoundDevice(?)
0x0047e8e0,,CDirectSoundDevice::~CDirectSoundDevice(?)
0x0047f590,,CMciMusicDevice::~CMciMusicDevice(?)
0x0047fab0,,__toupper(?)
0x0047fac0,,_toupper(?)
0x0047fb10,,__toupper_lk(?)
0x0047fc00,,__isctype(?)
0x0047fca0,,__purecall(?)
0x0047fcb0,,__onexit(?)
0x0047fd40,,_atexit(?)
0x0047fd60,,___onexitinit(?)
0x0047fda0,,_strrchr(?)
0x0047fdd0,,_strncpy(?)
0x0047fe00,,_strchr(?)
0x0047ffc0,,__amsg_exit(?)
0x0047fff0,,_free(?)
0x00480010,,_strncmp(?)
0x00480050,,__tolower(?)
0x00480060,,_tolower(?)
0x004800b0,,__tolower_lk(?)
0x00480198,,__setjmp3(?)
0x00480214,,_longjmp(?)
0x00480290,,_memmove(?)
0x004803e0,,__fsopen(?)
0x00480420,,_fopen(?)
0x00480440,,_fclose(?)
0x00480480,,__fclose_lk(?)
0x004804e0,,_fread(?)
0x00480520,,__fread_lk(?)
0x00480670,,_fflush(?)
0x004806b0,,__fflush_lk(?)
0x004806f0,,__flush(?)
0x00480760,,__flushall(?)
0x00480770,,_flsall(?)
0x00480830,,_fwrite(?)
0x00480870,,__fwrite_lk(?)
0x004809f0,,_ftell(?)
0x00480a20,,__ftell_lk(?)
0x00480bd0,,_fseek(?)
0x00480c10,,__fseek_lk(?)
0x00480cb0,,_atol(?)
0x00480d60,,_atoi(?)
0x00480d70,,_malloc(?)
0x00480d90,,__nh_malloc(?)
0x00480dd0,,__heap_alloc(?)
0x00480df0,,__mtinitlocks(?)
0x00480e20,,__mtdeletelocks(?)
0x00480e90,,__lock(?)
0x00480f00,,__unlock(?)
0x00480f20,,__lock_file(?)
0x00480f60,,__lock_file2(?)
0x00480f90,,__unlock_file(?)
0x00480fd0,,__unlock_file2(?)
0x00481000,,__lockerr_exit(?)
0x00481020,,___crtLCMapStringW(?)
0x00481230,,_wcsncnt(?)
0x00481270,,___crtLCMapStringA(?)
0x004814a0,,_strncnt(?)
0x004814d0,,___crtGetStringTypeW(?)
0x00481690,,___crtGetStringTypeA(?)
0x004817c0,,__cinit(?)
0x004817f0,,_exit(?)
0x00481810,,__exit(?)
0x00481830,,__cexit(?)
0x00481840,,__c_exit(?)
0x00481850,,_doexit(?)
0x004818e0,,__lockexit(?)
0x004818f0,,__unlockexit(?)
0x00481900,,__initterm(?)
0x00481920,,_realloc(?)
0x00481990,,__msize(?)
0x004819a8,,__global_unwind2(?)
0x004819ea,,__local_unwind2(?)
0x00481a42,,__NLG_Return2(?)
0x00481a52,,__abnormal_termination(?)
0x00481a75,,__NLG_Notify1(?)
0x00481a7e,,__NLG_Notify(?)
0x00481a91,,__NLG_Dispatch(?)
0x00481aa0,,__XcptFilter(?)
0x00481bf0,,_xcptlookup(?)
0x00481c20,,__ismbbkalnum(?)
0x00481c40,,__ismbbkprint(?)
0x00481c60,,__ismbbkpunct(?)
0x00481c80,,__ismbbalnum(?)
0x00481ca0,,__ismbbalpha(?)
0x00481cc0,,__ismbbgraph(?)
0x00481ce0,,__ismbbprint(?)
0x00481d00,,__ismbbpunct(?)
0x00481d20,,__ismbblead(?)
0x00481d40,,__ismbbtrail(?)
0x00481d60,,__ismbbkana(?)
0x00481d90,,_x_ismbbtype(?)
0x00481dd0,,__setenvp(?)
0x00481eb0,,__setargv(?)
0x00481f50,,_parse_cmdline(?)
0x00482130,,___crtGetEnvironmentStringsW(?)
0x00482330,,___crtGetEnvironmentStringsA(?)
0x004824d0,,__setmbcp(?)
0x00482700,,_getSystemCP(?)
0x00482750,,_CPtoLCID(?)
0x004827b0,,_setSBCS(?)
0x004827e0,,__getmbcp(?)
0x004827f0,,___initmbctable(?)
0x00482800,,__ioinit(?)
0x004829e0,,__ioterm(?)
0x00482a40,,__mtinit(?)
0x00482aa0,,__mtterm(?)
0x00482ad0,,__initptd(?)
0x00482af0,,__getptd(?)
0x00482b60,,__freeptd(?)
0x00482c30,,__heap_init(?)
0x00482c50,,__heap_term(?)
0x00482c68,,__except_handler3(?)
0x00482d25,,__seh_longjmp_unwind@4(?)
0x00482d40,,__FF_MSGBANNER(?)
0x00482d80,,__NMSG_WRITE(?)
0x00482f70,,__GET_RTERRMSG(?)
0x00482fb0,,__rt_probe_read4@4(?)
0x00483030,,__openfile(?)
0x00483240,,__getstream(?)
0x00483330,,__close(?)
0x004833a0,,__close_lk(?)
0x00483430,,__freebuf(?)
0x00483470,,__filbuf(?)
0x00483570,,__read(?)
0x004835f0,,__read_lk(?)
0x00483820,,__commit(?)
0x004838d0,,__write(?)
0x00483950,,__write_lk(?)
0x00483c40,,__flsbuf(?)
0x00483d90,,__lseek(?)
0x00483e10,,__lseek_lk(?)
0x00483ea0,,__dosmaperr(?)
0x00483f20,,__errno(?)
0x00483f30,,___doserrno(?)
0x00483f40,,_set_new_handler(?)
0x00483f70,,_query_new_handler()
0x00483f80,,set_new_handler(?)
0x00483fb0,,__callnewh(?)
0x00483ff0,,_calloc(?)
0x00484050,,_wcslen(?)
0x00484070,,___crtMessageBoxA(?)
0x00484110,,__open(?)
0x00484130,,__sopen(?)
0x00484590,,__alloc_osfhnd(?)
0x004846e0,,__set_osfhnd(?)
0x00484790,,__free_osfhnd(?)
0x00484830,,__get_osfhandle(?)
0x00484880,,__open_osfhandle(?)
0x00484940,,__lock_fhandle(?)
0x004849b0,,__unlock_fhandle(?)
0x004849e0,,__getbuf(?)
0x00484a30,,__fcloseall(?)
0x00484ad0,,__isatty(?)
0x00484b00,,__assert(?)
0x00485050,,__chsize(?)
0x004850c0,,__chsize_lk(?)
0x00485200,,_abort(?)
0x00485220,,_fprintf(?)
0x00485270,,_setvbuf(?)
0x00485340,,_signal(?)
0x00485520,,_ctrlevent_capture@4(?)
0x004855b0,,_raise(?)
0x00485790,,_siglookup(?)
0x004857d0,,___fpecode(?)
0x004857e0,,___pxcptinfoptrs(?)
0x004857f0,,_strncat(?)
0x00485830,,__itoa(?)
0x004858d0,,__ltoa(?)
0x00485900,,__ultoa(?)
0x00485920,,__setmode(?)
0x00485990,,__setmode_lk(?)
0x00485a00,,__chkstk(?)
0x00485a30,,__stbuf(?)
0x00485ad0,,__ftbuf(?)
0x00485b10,,__output(?)
0x004864f0,,_write_char(?)
0x00486540,,_write_multi_char(?)
0x00486580,,_write_string(?)
0x004865c0,,_get_int_arg(?)
0x004865d0,,_get_int64_arg(?)
0x004865f0,,_get_short_arg(?)
0x00486600,,_wctomb(?)
0x00486630,,__wctomb_lk(?)
0x004866d0,,__aulldiv(?)
0x00486740,,__aullrem(?)
0x004867c0,,__fptrap(?)
