# Bounded original storage evidence; padding is excluded. Rebuilt extents come from PDB.
# PDB scoped symbols repair MSVC 4 local naming unsupported by upstream static matching.
address,size,symbol,evidence
0x0049d138,80,,LEMBALL.EXE 0x00418bf4..0x00418c23: 16-byte rows and four DWORD loads; five initialized rows at 0x0049d138..0x0049d187
0x0049ee28,4,g_clipDebug___C2D::DrawClipData,LEMBALL.EXE 0x0043b4b0 CMP DWORD and 0x0043b4b9 store zero; initial DWORD 1
0x0049efc8,4,g_visible___C2D::DrawDemo,LEMBALL.EXE 0x0043fd12 CMP DWORD and 0x0043fd1d store toggled value; initial DWORD zero
0x004a0eb0,112,,LEMBALL.EXE 0x0045962b ADD EBX 8 and 0x00459632 CMP EBX 0x004a0f20; 14 pointer pairs
0x004a27a8,28,,LEMBALL.EXE 0x004727dd MOV EDI 0x004a27a8; 0x004727e2 MOV ECX 7; 0x004727e7 REP MOVSD; initialized seven fields
0x004a6258,28,,LEMBALL.EXE 0x00406161 MOV ECX 7; 0x0040616b MOV EDI 0x004a6258; 0x00406172 REP MOVSD
0x004a7840,8,,LEMBALL.EXE 0x00423c80..0x00423c9b: four WORD stores at base plus 0/2/4/6
0x004a786c,40,,LEMBALL.EXE 0x00432ca5..0x00432cd7: ten DWORD stores at base plus 0..36
0x004a78c4,4,g_lastBlink___C2D::DrawDemo,LEMBALL.EXE 0x0043fcfb store timer DWORD; 0x0043fd05 subtract timer DWORD; initial zero
0x004a78c8,1,,LEMBALL.EXE 0x0043fce3 TEST BYTE bit 1 and 0x0043fcef OR BYTE bit 1; initialized zero; scoped PDB guard size one
0x004a7b88,32,,LEMBALL.EXE 0x00456139 stores length 32 before GlobalMemoryStatus at 0x00456149; MSVC400/include/WINBASE.H:496..505 eight DWORD members; next object 0x004a7ba8
0x004a818c,4,,LEMBALL.EXE 0x0045650c DWORD store zero; 0x004565e4 DWORD read; adjacent buffer at 0x004a8190 independently annotated
